x0,variant,k,float_val,double_val,long_double_val,delta_fd,delta_dl
0.100000000000000005551,basic,0,0.100000001490116119385,0.100000000000000005551,0.100000000000000005551,1.490116113833650501874e-09,0.000000000000000000000e+00
0.100000000000000005551,basic,1,0.370000004768371582031,0.370000000000000106581,0.370000000000000106581,4.768371475449839635985e-09,0.000000000000000000000e+00
0.100000000000000005551,basic,2,1.069299936294555664062,1.069300000000000139266,1.069300000000000139266,6.370544447520387620898e-08,0.000000000000000000000e+00
0.100000000000000005551,basic,3,0.846992671489715576172,0.846992529999999632651,0.846992529999999632651,1.414897159435213325196e-07,0.000000000000000000000e+00
0.100000000000000005551,basic,4,1.235780954360961914062,1.235781082372597650121,1.235781082372597650121,1.280116357360583378977e-07,0.000000000000000000000e+00
0.100000000000000005551,basic,5,0.361660122871398925781,0.361659678840423715052,0.361659678840423715052,4.440309752107296503709e-07,0.000000000000000000000e+00
0.100000000000000005551,basic,6,1.054246425628662109375,1.054245545464819411308,1.054245545464819411308,8.801638426980673557409e-07,0.000000000000000000000e+00
0.100000000000000005551,basic,7,0.882679104804992675781,0.882681171462033842268,0.882681171462033842268,2.066657041166486408201e-06,0.000000000000000000000e+00
0.100000000000000005551,basic,8,1.193349242210388183594,1.193346534487370158573,1.193346534487370158573,2.707723018025021133326e-06,0.000000000000000000000e+00
0.100000000000000005551,basic,9,0.501149773597717285156,0.501158283830432149664,0.501158283830432149664,8.510232714864507386210e-06,0.000000000000000000000e+00
0.100000000000000005551,basic,10,1.251145839691162109375,1.251154258966136634257,1.251154258966136634257,8.419274974524881827165e-06,0.000000000000000000000e+00
0.100000000000000005551,basic,11,0.308485627174377441406,0.308456096677239055559,0.308456096677239055559,2.953049713838584722225e-05,0.000000000000000000000e+00
0.100000000000000005551,basic,12,0.948452353477478027344,0.948388895976881474148,0.948388895976881474148,6.345750059655319574858e-05,0.000000000000000000000e+00
0.100000000000000005551,basic,13,1.095123767852783203125,1.095231089870781548967,1.095231089870781548967,1.073220179983458422157e-04,0.000000000000000000000e+00
0.100000000000000005551,basic,14,0.782606840133666992188,0.782330938824506327833,0.782330938824506327833,2.759013091606643541809e-04,0.000000000000000000000e+00
0.100000000000000005551,basic,15,1.293006896972656250000,1.293198661771925106478,1.293198661771925106478,1.917647992688564784203e-04,0.000000000000000000000e+00
0.100000000000000005551,basic,16,0.156427025794982910156,0.155706310661606561752,0.155706310661606561752,7.207151333763484046813e-04,0.000000000000000000000e+00
0.100000000000000005551,basic,17,0.552299857139587402344,0.550091877106880122739,0.550091877106880122739,2.207980032707279605120e-03,0.000000000000000000000e+00
0.100000000000000005551,basic,18,1.294094085693359375000,1.292564288650607906561,1.292564288650607906561,1.529797042751468438837e-03,0.000000000000000000000e+00
0.100000000000000005551,basic,19,0.152337789535522460938,0.158089833717875549723,0.158089833717875549723,5.752044182353088785931e-03,0.000000000000000000000e+00
0.100000000000000005551,basic,20,0.539730787277221679688,0.557382148296665658194,0.557382148296665658194,1.765136101944397850616e-02,0.000000000000000000000e+00
0.100000000000000005551,basic,21,1.284995198249816894531,1.297504015467243920767,1.297504015467243920767,1.250881721742702623601e-02,0.000000000000000000000e+00
0.100000000000000005551,basic,22,0.186342835426330566406,0.139466051408109859011,0.139466051408109859011,4.687678401822070739513e-02,0.000000000000000000000e+00
0.100000000000000005551,basic,23,0.641200423240661621094,0.499511867146330834633,0.499511867146330834633,1.416885560943307864612e-01,0.000000000000000000000e+00
0.100000000000000005551,basic,24,1.331387758255004882812,1.249511152325282425934,1.249511152325282425934,8.187660592972245687804e-02,0.000000000000000000000e+00
0.100000000000000005551,basic,25,0.007770895957946777344,0.314210249945364172852,0.314210249945364172852,3.064393539874173955084e-01,0.000000000000000000000e+00
0.100000000000000005551,basic,26,0.030902422964572906494,0.960656756269272049664,0.960656756269272049664,9.297543333046991431701e-01,0.000000000000000000000e+00
0.100000000000000005551,basic,27,0.120744809508323669434,1.074042814979689453025,1.074042814979689453025,9.532980054713657835919e-01,0.000000000000000000000e+00
0.100000000000000005551,basic,28,0.439241290092468261719,0.835467354690271557516,0.835467354690271557516,3.962260645978032957970e-01,0.000000000000000000000e+00
0.100000000000000005551,basic,29,1.178166389465332031250,1.247852316501606217969,1.247852316501606217969,6.968592703627418671886e-02,0.000000000000000000000e+00
0.100000000000000005551,basic,30,0.548437416553497314453,0.320003054611150417053,0.320003054611150417053,2.284343619423468974006e-01,0.000000000000000000000e+00
0.100000000000000005551,basic,31,1.291398882865905761719,0.972806353563200887358,0.972806353563200887358,3.185925293027048743610e-01,0.000000000000000000000e+00
0.100000000000000005551,basic,32,0.162462353706359863281,1.052168809654009384857,1.052168809654009384857,8.897064559476495215762e-01,0.000000000000000000000e+00
0.100000000000000005551,basic,33,0.570667386054992675781,0.887497626589832444566,0.887497626589832444566,3.168302405348397687845e-01,0.000000000000000000000e+00
0.100000000000000005551,basic,34,1.305685758590698242188,1.187034394751572907722,1.187034394751572907722,1.186513638391253344651e-01,0.000000000000000000000e+00
0.100000000000000005551,basic,35,0.108297109603881835938,0.520985616036592547040,0.520985616036592547040,4.126885064327107111026e-01,0.000000000000000000000e+00
0.100000000000000005551,basic,36,0.398003637790679931641,1.269664427795286876233,1.269664427795286876233,8.716607900046069445921e-01,0.000000000000000000000e+00
0.100000000000000005551,basic,37,1.116793870925903320312,0.242514433554947839156,0.242514433554947839156,8.742794373709554811569e-01,0.000000000000000000000e+00
0.100000000000000005551,basic,38,0.725489854812622070312,0.793617982772359731314,0.793617982772359731314,6.812812795973766100133e-02,0.000000000000000000000e+00
0.100000000000000005551,basic,39,1.322952747344970703125,1.284983423350430475907,1.284983423350430475907,3.796932399454022721841e-02,0.000000000000000000000e+00
0.100000000000000005551,basic,40,0.041199088096618652344,0.186386498545547008021,0.186386498545547008021,1.451874104489283556774e-01,0.000000000000000000000e+00
0.100000000000000005551,basic,41,0.159704267978668212891,0.641326213661980393255,0.641326213661980393255,4.816219456833121803641e-01,0.000000000000000000000e+00
0.100000000000000005551,basic,42,0.562300682067871093750,1.331406917657885102813,1.331406917657885102813,7.691062355900140090625e-01,0.000000000000000000000e+00
0.100000000000000005551,basic,43,1.300656557083129882812,0.007694529469729038951,0.007694529469729038951,1.292962027613400843862e+00,0.000000000000000000000e+00
0.100000000000000005551,basic,44,0.127503752708435058594,0.030600500527634570680,0.030600500527634570680,9.690325218080048097491e-02,0.000000000000000000000e+00
0.100000000000000005551,basic,45,0.461243391036987304688,0.119592830212912976107,0.119592830212912976107,3.416505608240743008253e-01,0.000000000000000000000e+00
0.100000000000000005551,basic,46,1.206737160682678222656,0.435463985736648018232,0.435463985736648018232,7.712731749460302044241e-01,0.000000000000000000000e+00
0.100000000000000005551,basic,47,0.458304882049560546875,1.172969294325649336486,1.172969294325649336486,7.146644122760887896106e-01,0.000000000000000000000e+00
0.100000000000000005551,basic,48,1.203089475631713867188,0.564306281010162003042,0.564306281010162003042,6.387831946215518641452e-01,0.000000000000000000000e+00
0.100000000000000005551,basic,49,0.470085024833679199219,1.301900387678088133470,1.301900387678088133470,8.318153628444089342509e-01,0.000000000000000000000e+00
0.100000000000000005551,basic,50,1.217400312423706054688,0.122767692403284112146,0.122767692403284112146,1.094632620020421942542e+00,0.000000000000000000000e+00
0.100000000000000005551,basic,51,0.423410713672637939453,0.445855050719054291086,0.445855050719054291086,2.244433704641635163313e-02,0.000000000000000000000e+00
0.100000000000000005551,basic,52,1.155812978744506835938,1.187060024121145751508,1.187060024121145751508,3.124704537663891557031e-02,0.000000000000000000000e+00
0.100000000000000005551,basic,53,0.615540981292724609375,0.520905593885097606410,0.520905593885097606410,9.463538740762700296472e-02,0.000000000000000000000e+00
0.100000000000000005551,basic,54,1.325491905212402343750,1.269594462318031746761,1.269594462318031746761,5.589744289437059698855e-02,0.000000000000000000000e+00
0.100000000000000005551,basic,55,0.031181216239929199219,0.242767553026290494600,0.242767553026290494600,2.115863367863612953812e-01,0.000000000000000000000e+00
0.100000000000000005551,basic,56,0.121808059513568878174,0.794261957698043641329,0.794261957698043641329,6.724538981844747631555e-01,0.000000000000000000000e+00
0.100000000000000005551,basic,57,0.442720621824264526367,1.284491658453188023259,1.284491658453188023259,8.417710366289234968917e-01,0.000000000000000000000e+00
0.100000000000000005551,basic,58,1.182877779006958007812,0.188210171905287770855,0.188210171905287770855,9.946676071016702369576e-01,0.000000000000000000000e+00
0.100000000000000005551,basic,59,0.533911585807800292969,0.646571481195297170785,0.646571481195297170785,1.126598953874968778166e-01,0.000000000000000000000e+00
0.100000000000000005551,basic,60,1.280461549758911132812,1.332121883895946989895,1.332121883895946989895,5.166033413703585708276e-02,0.000000000000000000000e+00
0.100000000000000005551,basic,61,0.203100800514221191406,0.004841394920327424245,0.004841394920327424245,1.982594055938937671613e-01,0.000000000000000000000e+00
0.100000000000000005551,basic,62,0.688653409481048583984,0.019295262366985980323,0.019295262366985980323,6.693581471140626071303e-01,0.000000000000000000000e+00
0.100000000000000005551,basic,63,1.331883072853088378906,0.076064128018511451002,0.076064128018511451002,1.255818944834576900149e+00,0.000000000000000000000e+00
0.100000000000000005551,basic,64,0.005794644355773925781,0.286899257360396342520,0.286899257360396342520,2.811046130046224167387e-01,0.000000000000000000000e+00
0.100000000000000005551,basic,65,0.023077843710780143738,0.900663477819744540120,0.900663477819744540120,8.775856341089643963826e-01,0.000000000000000000000e+00
0.100000000000000005551,basic,66,0.090713612735271453857,1.169069810443905677033,1.169069810443905677033,1.078356197708634223176e+00,0.000000000000000000000e+00
0.100000000000000005551,basic,67,0.338167577981948852539,0.576106576701574057964,0.576106576701574057964,2.379389987196252054247e-01,0.000000000000000000000e+00
0.100000000000000005551,basic,68,1.009598374366760253906,1.308729943649876492628,1.308729943649876492628,2.991315692831162387222e-01,0.000000000000000000000e+00
0.100000000000000005551,basic,69,0.980526864528656005859,0.096597578382079163362,0.096597578382079163362,8.839292861465768424978e-01,0.000000000000000000000e+00
0.100000000000000005551,basic,70,1.037808656692504882812,0.358397037080470881598,0.358397037080470881598,6.794116196120340012143e-01,0.000000000000000000000e+00
0.100000000000000005551,basic,71,0.920094192028045654297,1.048242839757702382641,1.048242839757702382641,1.281486477296567283446e-01,0.000000000000000000000e+00
0.100000000000000005551,basic,72,1.140656828880310058594,0.896532205720933172977,0.896532205720933172977,2.441246231593768856172e-01,0.000000000000000000000e+00
0.100000000000000005551,basic,73,0.659333348274230957031,1.174818835199207711639,1.174818835199207711639,5.154854869249767546080e-01,0.000000000000000000000e+00
0.100000000000000005551,basic,74,1.333172082901000976562,0.558677454180361299230,0.558677454180361299230,7.744946287206396773328e-01,0.000000000000000000000e+00
0.100000000000000005551,basic,75,0.000644922256469726562,1.298348323293096129305,1.298348323293096129305,1.297703401036626402743e+00,0.000000000000000000000e+00
0.100000000000000005551,basic,76,0.002578441286459565163,0.136268187378402405585,0.136268187378402405585,1.336897460919428404225e-01,0.000000000000000000000e+00
0.100000000000000005551,basic,77,0.010293819941580295563,0.489365692839423438443,0.489365692839423438443,4.790718728978431428800e-01,0.000000000000000000000e+00
0.100000000000000005551,basic,78,0.040857393294572830200,1.239026427373067118509,1.239026427373067118509,1.198169034078494288309e+00,0.000000000000000000000e+00
0.100000000000000005551,basic,79,0.158421605825424194336,0.350546246305669328969,0.350546246305669328969,1.921246404802451346328e-01,0.000000000000000000000e+00
0.100000000000000005551,basic,80,0.558394193649291992188,1.033536972825692457079,1.033536972825692457079,4.751427791764004648911e-01,0.000000000000000000000e+00
0.100000000000000005551,basic,81,1.298164606094360351562,0.929551868709681428093,0.929551868709681428093,3.686127373846789234690e-01,0.000000000000000000000e+00
0.100000000000000005551,basic,82,0.136964440345764160156,1.126007444973743165662,1.126007444973743165662,9.890430046279790055053e-01,0.000000000000000000000e+00
0.100000000000000005551,basic,83,0.491579979658126831055,0.700351481486080951200,0.700351481486080951200,2.087715018279541201451e-01,0.000000000000000000000e+00
0.100000000000000005551,basic,84,1.241367220878601074219,1.329929333085078546617,1.329929333085078546617,8.856211220647747239809e-02,0.000000000000000000000e+00
0.100000000000000005551,basic,85,0.342491209506988525391,0.013581239339948814049,0.013581239339948814049,3.289099701670397113418e-01,0.000000000000000000000e+00
0.100000000000000005551,basic,86,1.018064260482788085938,0.053771607173768339039,0.053771607173768339039,9.642926533090196983267e-01,0.000000000000000000000e+00
0.100000000000000005551,basic,87,0.962892532348632812500,0.206412271480923170675,0.206412271480923170675,7.564802608677096973366e-01,0.000000000000000000000e+00
0.100000000000000005551,basic,88,1.070084095001220703125,0.697831008469949720663,0.697831008469949720663,3.722530865312709824622e-01,0.000000000000000000000e+00
0.100000000000000005551,basic,89,0.845096468925476074219,1.330419684733237684071,1.330419684733237684071,4.853232158077616098524e-01,0.000000000000000000000e+00
0.100000000000000005551,basic,90,1.237821698188781738281,0.011629126355888086408,0.011629126355888086408,1.226192571832893651873e+00,0.000000000000000000000e+00
0.100000000000000005551,basic,91,0.354679107666015625000,0.046110795684148712936,0.046110795684148712936,3.085683119818669051249e-01,0.000000000000000000000e+00
0.100000000000000005551,basic,92,1.041324615478515625000,0.178064566300718929437,0.178064566300718929437,8.632600491777966400520e-01,0.000000000000000000000e+00
0.100000000000000005551,basic,93,0.912227630615234375000,0.617137295887286274620,0.617137295887286274620,2.950903347279481003795e-01,0.000000000000000000000e+00
0.100000000000000005551,basic,94,1.152432799339294433594,1.325973857623929275107,1.325973857623929275107,1.735410582846348415131e-01,0.000000000000000000000e+00
0.100000000000000005551,basic,95,0.625427126884460449219,0.029275417189464469914,0.029275417189464469914,5.961517096949959793051e-01,0.000000000000000000000e+00
0.100000000000000005551,basic,96,1.328231215476989746094,0.114530518603006309375,0.114530518603006309375,1.213700696873983408963e+00,0.000000000000000000000e+00
0.100000000000000005551,basic,97,0.020330429077148437500,0.418770355337604427426,0.418770355337604427426,3.984399262604559899259e-01,0.000000000000000000000e+00
0.100000000000000005551,basic,98,0.080081738531589508057,1.148975589821667142587,1.148975589821667142587,1.068893851290077634530e+00,0.000000000000000000000e+00
0.100000000000000005551,basic,99,0.301087707281112670898,0.635467641268524841003,0.635467641268524841003,3.343799339874121701044e-01,0.000000000000000000000e+00
0.100000000000000005551,alt,0,0.100000001490116119385,0.100000000000000005551,0.100000000000000005551,1.490116113833650501874e-09,0.000000000000000000000e+00
0.100000000000000005551,alt,1,0.370000004768371582031,0.369999999999999995559,0.369999999999999995559,4.768371586472142098501e-09,0.000000000000000000000e+00
0.100000000000000005551,alt,2,1.069299936294555664062,1.069300000000000139266,1.069300000000000139266,6.370544447520387620898e-08,0.000000000000000000000e+00
0.100000000000000005551,alt,3,0.846992731094360351562,0.846992529999999632651,0.846992529999999632651,2.010943607189119575196e-07,0.000000000000000000000e+00
0.100000000000000005551,alt,4,1.235780954360961914062,1.235781082372597872165,1.235781082372597872165,1.280116359581029428227e-07,0.000000000000000000000e+00
0.100000000000000005551,alt,5,0.361660003662109375000,0.361659678840422493806,0.361659678840422493806,3.248216868811937274586e-07,0.000000000000000000000e+00
0.100000000000000005551,alt,6,1.054246187210083007812,1.054245545464817412906,1.054245545464817412906,6.417452655949063000662e-07,0.000000000000000000000e+00
0.100000000000000005551,alt,7,0.882679700851440429688,0.882681171462038172137,0.882681171462038172137,1.470610597742449954239e-06,0.000000000000000000000e+00
0.100000000000000005551,alt,8,1.193348407745361328125,1.193346534487364607457,1.193346534487364607457,1.873257996720667506452e-06,0.000000000000000000000e+00
0.100000000000000005551,alt,9,0.501152515411376953125,0.501158283830450024254,0.501158283830450024254,5.768419073071129332675e-06,0.000000000000000000000e+00
0.100000000000000005551,alt,10,1.251148462295532226562,1.251154258966154397825,1.251154258966154397825,5.796670622171262721167e-06,0.000000000000000000000e+00
0.100000000000000005551,alt,11,0.308476448059082031250,0.308456096677176994092,0.308456096677176994092,2.035138190503715804880e-05,0.000000000000000000000e+00
0.100000000000000005551,alt,12,0.948432624340057373047,0.948388895976748136363,0.948388895976748136363,4.372836330923668413106e-05,0.000000000000000000000e+00
0.100000000000000005551,alt,13,1.095157146453857421875,1.095231089871007146286,1.095231089871007146286,7.394341714972441081954e-05,0.000000000000000000000e+00
0.100000000000000005551,alt,14,0.782521009445190429688,0.782330938823926125281,0.782330938823926125281,1.900706212643044068500e-04,0.000000000000000000000e+00
0.100000000000000005551,alt,15,1.293066620826721191406,1.293198661772327673347,1.293198661772327673347,1.320409456064819408994e-04,0.000000000000000000000e+00
0.100000000000000005551,alt,16,0.156202316284179687500,0.155706310660093549814,0.155706310660093549814,4.960056240861376863904e-04,0.000000000000000000000e+00
0.100000000000000005551,alt,17,0.551611781120300292969,0.550091877102241499919,0.550091877102241499919,1.519904018058793049306e-03,0.000000000000000000000e+00
0.100000000000000005551,alt,18,1.293620467185974121094,1.292564288647363390794,1.292564288647363390794,1.056178538610730299752e-03,0.000000000000000000000e+00
0.100000000000000005551,alt,19,0.154120445251464843750,0.158089833730059581285,0.158089833730059581285,3.969388478594737534877e-03,0.000000000000000000000e+00
0.100000000000000005551,alt,20,0.545222461223602294922,0.557382148333844695820,0.557382148333844695820,1.215968711024240089813e-02,0.000000000000000000000e+00
0.100000000000000005551,alt,21,1.289087295532226562500,1.297504015491622642031,1.297504015491622642031,8.416719959396079531189e-03,0.000000000000000000000e+00
0.100000000000000005551,alt,22,0.171111106872558593750,0.139466051315835670721,0.139466051315835670721,3.164505555672292302916e-02,0.000000000000000000000e+00
0.100000000000000005551,alt,23,0.596607387065887451172,0.499511866854448760566,0.499511866854448760566,9.709552021143869060538e-02,0.000000000000000000000e+00
0.100000000000000005551,alt,24,1.318608403205871582031,1.249511152032545258095,1.249511152032545258095,6.909725117332632393641e-02,0.000000000000000000000e+00
0.100000000000000005551,alt,25,0.058248996734619140625,0.314210250969085613804,0.314210250969085613804,2.559612542344664731786e-01,0.000000000000000000000e+00
0.100000000000000005551,alt,26,0.222817152738571166992,0.960656758434175195305,0.960656758434175195305,7.378396056956040283126e-01,0.000000000000000000000e+00
0.100000000000000005551,alt,27,0.742326140403747558594,1.074042811160929034031,1.074042811160929034031,3.317166707571814754374e-01,0.000000000000000000000e+00
0.100000000000000005551,alt,28,1.316160321235656738281,0.835467364024303105197,0.835467364024303105197,4.806929572113536330846e-01,0.000000000000000000000e+00
0.100000000000000005551,alt,29,0.067807197570800781250,1.247852307048060271910,1.247852307048060271910,1.180045109477259490660e+00,0.000000000000000000000e+00
0.100000000000000005551,alt,30,0.257435351610183715820,0.320003087576741229725,0.320003087576741229725,6.256773596655751390472e-02,0.000000000000000000000e+00
0.100000000000000005551,alt,31,0.830922484397888183594,0.972806422131022419109,0.972806422131022419109,1.418839377331342355149e-01,0.000000000000000000000e+00
0.100000000000000005551,alt,32,1.252393484115600585938,1.052168683706006913070,1.052168683706006913070,2.002248004095936728675e-01,0.000000000000000000000e+00
0.100000000000000005551,alt,33,0.304105758666992187500,0.887497917909133793302,0.887497917909133793302,5.833921592421416058016e-01,0.000000000000000000000e+00
0.100000000000000005551,alt,34,0.938982129096984863281,1.187034008757392289368,1.187034008757392289368,2.480518796604074260870e-01,0.000000000000000000000e+00
0.100000000000000005551,alt,35,1.110866069793701171875,0.520986821189634241591,0.520986821189634241591,5.898792486040669302838e-01,0.000000000000000000000e+00
0.100000000000000005551,alt,36,0.741394042968750000000,1.269665481198697154497,1.269665481198697154497,5.282714382299471544968e-01,0.000000000000000000000e+00
0.100000000000000005551,alt,37,1.316580772399902343750,0.242510622352231308696,0.242510622352231308696,1.074070150047671035054e+00,0.000000000000000000000e+00
0.100000000000000005551,alt,38,0.066168308258056640625,0.793608283547925563717,0.793608283547925563717,7.274399752898689230918e-01,0.000000000000000000000e+00
0.100000000000000005551,alt,39,0.251538485288619995117,1.284990811044048220069,1.284990811044048220069,1.033452325755428224952e+00,0.000000000000000000000e+00
0.100000000000000005551,alt,40,0.816339135169982910156,0.186359090773271063313,0.186359090773271063313,6.299800443967118468436e-01,0.000000000000000000000e+00
0.100000000000000005551,alt,41,1.266127705574035644531,0.641247230951563440549,0.641247230951563440549,6.248804746224722039827e-01,0.000000000000000000000e+00
0.100000000000000005551,alt,42,0.255272388458251953125,1.331394890197110658647,1.331394890197110658647,1.076122501738858705522e+00,0.000000000000000000000e+00
0.100000000000000005551,alt,43,0.825597584247589111328,0.007742499859513252147,0.007742499859513252147,8.178550843880758591808e-01,0.000000000000000000000e+00
0.100000000000000005551,alt,44,1.257556200027465820312,0.030790160525829321503,0.030790160525829321503,1.226766039501636429421e+00,0.000000000000000000000e+00
0.100000000000000005551,alt,45,0.285881996154785156250,0.120316540147698269880,0.120316540147698269880,1.655654560070868863697e-01,0.000000000000000000000e+00
0.100000000000000005551,alt,46,0.898342430591583251953,0.437837951091455013231,0.437837951091455013231,4.605044795001282387226e-01,0.000000000000000000000e+00
0.100000000000000005551,alt,47,1.172312259674072265625,1.176245590117929840090,1.176245590117929840090,3.933330443857574465483e-03,0.000000000000000000000e+00
0.100000000000000005551,alt,48,0.566300868988037109375,0.554321295656087897896,0.554321295656087897896,1.197957333194921147879e-02,0.000000000000000000000e+00
0.100000000000000005551,alt,49,1.303113460540771484375,1.295468886170819455828,1.295468886170819455828,7.644574369952028547459e-03,0.000000000000000000000e+00
0.100000000000000005551,alt,50,0.118139743804931640625,0.147156639573287506551,0.147156639573287506551,2.901689576835586592551e-02,0.000000000000000000000e+00
0.100000000000000005551,alt,51,0.430687963962554931641,0.523661328581642715463,0.523661328581642715463,9.297336461908778382224e-02,0.000000000000000000000e+00
0.100000000000000005551,alt,52,1.166275501251220703125,1.271981753170897455618,1.271981753170897455618,1.057062519196767524932e-01,0.000000000000000000000e+00
0.100000000000000005551,alt,53,0.584506511688232421875,0.234114271484459735007,0.234114271484459735007,3.503922402037726868684e-01,0.000000000000000000000e+00
0.100000000000000005551,alt,54,1.313082456588745117188,0.772028609599740955893,0.772028609599740955893,5.410538469890041612942e-01,0.000000000000000000000e+00
0.100000000000000005551,alt,55,0.079773426055908203125,1.300029916277436248251,1.300029916277436248251,1.220256490221528045126e+00,0.000000000000000000000e+00
0.100000000000000005551,alt,56,0.300002306699752807617,0.129886315460791657017,0.129886315460791657017,1.701159912389611506001e-01,0.000000000000000000000e+00
0.100000000000000005551,alt,57,0.930005073547363281250,0.468933897011225786500,0.468933897011225786500,4.610711765361374947503e-01,0.000000000000000000000e+00
0.100000000000000005551,alt,58,1.125292062759399414062,1.216038588746498394499,1.216038588746498394499,9.074652598709898043694e-02,0.000000000000000000000e+00
0.100000000000000005551,alt,59,0.702321529388427734375,0.427904807024266808924,0.427904807024266808924,2.744167223641609254514e-01,0.000000000000000000000e+00
0.100000000000000005551,alt,60,1.329519510269165039062,1.162311656473642207388,1.162311656473642207388,1.672078537955228316747e-01,0.000000000000000000000e+00
0.100000000000000005551,alt,61,0.015211582183837890625,0.596341465571063267248,0.596341465571063267248,5.811298833872253766231e-01,0.000000000000000000000e+00
0.100000000000000005551,alt,62,0.060152150690555572510,1.318496431605922225572,1.318496431605922225572,1.258344280915366653062e+00,0.000000000000000000000e+00
0.100000000000000005551,alt,63,0.229753762483596801758,0.058687205951037491047,0.058687205951037491047,1.710665565325593107104e-01,0.000000000000000000000e+00
0.100000000000000005551,alt,64,0.760654687881469726562,0.224416259377131499519,0.224416259377131499519,5.362384285043382270430e-01,0.000000000000000000000e+00
0.100000000000000005551,alt,65,1.306832075119018554688,0.746577065090054059482,0.746577065090054059482,5.602550100289644952056e-01,0.000000000000000000000e+00
0.100000000000000005551,alt,66,0.103898048400878906250,1.314176318004779853155,1.314176318004779853155,1.210278269603900946905e+00,0.000000000000000000000e+00
0.100000000000000005551,alt,67,0.383207768201828002930,0.075527087605318676822,0.075527087605318676822,3.076806805965093261079e-01,0.000000000000000000000e+00
0.100000000000000005551,alt,68,1.092286467552185058594,0.284995327534850240170,0.284995327534850240170,8.072911400173348184239e-01,0.000000000000000000000e+00
0.100000000000000005551,alt,69,0.789876937866210937500,0.896314299989311225048,0.896314299989311225048,1.064373621231002875476e-01,0.000000000000000000000e+00
0.100000000000000005551,alt,70,1.287791013717651367188,1.175119226861257804018,1.175119226861257804018,1.126717868563935631698e-01,0.000000000000000000000e+00
0.100000000000000005551,alt,71,0.175947189331054687500,0.557761315428030535202,0.557761315428030535202,3.818141260969758477017e-01,0.000000000000000000000e+00
0.100000000000000005551,alt,72,0.610916495323181152344,1.297752206748101322376,1.297752206748101322376,6.868357114249201700318e-01,0.000000000000000000000e+00
0.100000000000000005551,alt,73,1.324009060859680175781,0.138526456633704775356,0.138526456633704775356,1.185482604225975400425e+00,0.000000000000000000000e+00
0.100000000000000005551,alt,74,0.037035942077636718750,0.496537088972350049154,0.496537088972350049154,4.595011468947133304042e-01,0.000000000000000000000e+00
0.100000000000000005551,alt,75,0.144028782844543457031,1.246501113713993635912,1.246501113713993635912,1.102472330869450178881e+00,0.000000000000000000000e+00
0.100000000000000005551,alt,76,0.513882279396057128906,0.324709375385294762850,0.324709375385294762850,1.891729040107623660560e-01,0.000000000000000000000e+00
0.100000000000000005551,alt,77,1.263304114341735839844,0.982528966151854254996,0.982528966151854254996,2.807751481898815848481e-01,0.000000000000000000000e+00
0.100000000000000005551,alt,78,0.265404701232910156250,1.034026356625122655686,1.034026356625122655686,7.686216553922124994358e-01,0.000000000000000000000e+00
0.100000000000000005551,alt,79,0.850299835205078125000,0.928473907914214802162,0.928473907914214802162,7.817407270913667716172e-02,0.000000000000000000000e+00
0.100000000000000005551,alt,80,1.232169866561889648438,1.127704238624377630629,1.127704238624377630629,1.044656279375120178088e-01,0.000000000000000000000e+00
0.100000000000000005551,alt,81,0.373951911926269531250,0.695666405063348758375,0.695666405063348758375,3.217144931370792271252e-01,0.000000000000000000000e+00
0.100000000000000005551,alt,82,1.076287508010864257812,1.330810378852105291259,1.330810378852105291259,2.545228708412410334461e-01,0.000000000000000000000e+00
0.100000000000000005551,alt,83,0.829965591430664062500,0.010072722026968961018,0.010072722026968961018,8.198928694036951014823e-01,0.000000000000000000000e+00
0.100000000000000005551,alt,84,1.253333806991577148438,0.039986508920778089660,0.039986508920778089660,1.213347298070799107350e+00,0.000000000000000000000e+00
0.100000000000000005551,alt,85,0.300798416137695312500,0.155149272996097958854,0.155149272996097958854,1.456491431415973536456e-01,0.000000000000000000000e+00
0.100000000000000005551,alt,86,0.931754589080810546875,0.548383201250738583354,0.548383201250738583354,3.833713878300719635206e-01,0.000000000000000000000e+00
0.100000000000000005551,alt,87,1.122518539428710937500,1.291360398760930117135,1.291360398760930117135,1.688418593322191796346e-01,0.000000000000000000000e+00
0.100000000000000005551,alt,88,0.709930658340454101562,0.162606556579754979452,0.162606556579754979452,5.473241017606991221101e-01,0.000000000000000000000e+00
0.100000000000000005551,alt,89,1.327718019485473632812,0.571103549590844750128,0.571103549590844750128,7.566144698946288826846e-01,0.000000000000000000000e+00
0.100000000000000005551,alt,90,0.022366523742675781250,1.305936405297591473840,1.305936405297591473840,1.283569881554915692590e+00,0.000000000000000000000e+00
0.100000000000000005551,alt,91,0.087965309619903564453,0.107335937145580651020,0.107335937145580651020,1.937062752567708656670e-02,0.000000000000000000000e+00
0.100000000000000005551,alt,92,0.328647553920745849609,0.394780738373562478660,0.394780738373562478660,6.613318445281662905089e-02,0.000000000000000000000e+00
0.100000000000000005551,alt,93,0.990562558174133300781,1.111567459321924467019,1.111567459321924467019,1.210049011477911662382e-01,0.000000000000000000000e+00
0.100000000000000005551,alt,94,1.018607616424560546875,0.739523187417503446994,0.739523187417503446994,2.790844290070570998807e-01,0.000000000000000000000e+00
0.100000000000000005551,alt,95,0.961745977401733398438,1.317409115485582038474,1.317409115485582038474,3.556631380838486400364e-01,0.000000000000000000000e+00
0.100000000000000005551,alt,96,1.072118043899536132812,0.062936129248817529458,0.062936129248817529458,1.009181914650718603355e+00,0.000000000000000000000e+00
0.100000000000000005551,alt,97,0.840160846710205078125,0.239861647900798530264,0.239861647900798530264,6.002991988094065201054e-01,0.000000000000000000000e+00
0.100000000000000005551,alt,98,1.243032693862915039062,0.786845761202134230672,0.786845761202134230672,4.561869326607808083907e-01,0.000000000000000000000e+00
0.100000000000000005551,alt,99,0.336740016937255859375,1.290004289043238827617,1.290004289043238827617,9.532642721059829682417e-01,0.000000000000000000000e+00
0.100000099999999994549,basic,0,0.100000098347663879395,0.100000099999999994549,0.100000099999999994549,1.652336115154362516932e-09,0.000000000000000000000e+00
0.100000099999999994549,basic,1,0.370000362396240234375,0.370000339999969951599,0.370000339999969951599,2.239627028277624276598e-08,0.000000000000000000000e+00
0.100000099999999994549,basic,2,1.069300651550292968750,1.069300605199599685236,1.069300605199599685236,4.635069328351448803005e-08,0.000000000000000000000e+00
0.100000099999999994549,basic,3,0.846990942955017089844,0.846991067957708287928,0.846991067957708287928,1.250026911980839372518e-07,0.000000000000000000000e+00
0.100000099999999994549,basic,4,1.235782742500305175781,1.235782664230415495155,1.235782664230415495155,7.826988968062664753234e-08,0.000000000000000000000e+00
0.100000099999999994549,basic,5,0.361653983592987060547,0.361654277284390479608,0.361654277284390479608,2.936914034190607480923e-07,0.000000000000000000000e+00
0.100000099999999994549,basic,6,1.054235100746154785156,1.054235660303277644090,1.054235660303277644090,5.595571228589335532888e-07,0.000000000000000000000e+00
0.100000099999999994549,basic,7,0.882705450057983398438,0.882704158847847142333,0.882704158847847142333,1.291210136256104590302e-06,0.000000000000000000000e+00
0.100000099999999994549,basic,8,1.193315029144287109375,1.193316739249532520972,1.193316739249532520972,1.710105245411597252314e-06,0.000000000000000000000e+00
0.100000099999999994549,basic,9,0.501257836818695068359,0.501252436478719753943,0.501252436478719753943,5.400339975314416562924e-06,0.000000000000000000000e+00
0.100000099999999994549,basic,10,1.251253128051757812500,1.251247730687319981158,1.251247730687319981158,5.397364437831342343088e-06,0.000000000000000000000e+00
0.100000099999999994549,basic,11,0.308109343051910400391,0.308128272098775801702,0.308128272098775801702,1.892904686540131109496e-05,0.000000000000000000000e+00
0.100000099999999994549,basic,12,0.947643280029296875000,0.947683992195371582845,0.947683992195371582845,4.071216607470784509815e-05,0.000000000000000000000e+00
0.100000099999999994549,basic,13,1.096489787101745605469,1.096421121591415026586,1.096421121591415026586,6.866551033057888275835e-05,0.000000000000000000000e+00
0.100000099999999994549,basic,14,0.779089570045471191406,0.779266658750330631911,0.779266658750330631911,1.770887048594405044355e-04,0.000000000000000000000e+00
0.100000099999999994549,basic,15,1.295416593551635742188,1.295297058681609936315,1.295297058681609936315,1.195348700258058727286e-04,0.000000000000000000000e+00
0.100000099999999994549,basic,16,0.147353887557983398438,0.147804824038749504922,0.147804824038749504922,4.509364807661064844524e-04,0.000000000000000000000e+00
0.100000099999999994549,basic,17,0.524276018142700195312,0.525680498127620854376,0.525680498127620854376,1.404479984920659063619e-03,0.000000000000000000000e+00
0.100000099999999994549,basic,18,1.272508025169372558594,1.273702034175372643787,1.273702034175372643787,1.194009006000085193477e-03,0.000000000000000000000e+00
0.100000099999999994549,basic,19,0.232202053070068359375,0.227857521114044114796,0.227857521114044114796,4.344531956024244578884e-03,0.000000000000000000000e+00
0.100000099999999994549,basic,20,0.767054855823516845703,0.755672934671465235112,0.755672934671465235112,1.138192115205161059066e-02,0.000000000000000000000e+00
0.100000099999999994549,basic,21,1.303099989891052246094,1.309566986100907381996,1.309566986100907381996,6.466996209855135901989e-03,0.000000000000000000000e+00
0.100000099999999994549,basic,22,0.118191242218017578125,0.093370871147387068945,0.093370871147387068945,2.482037107063050918043e-02,0.000000000000000000000e+00
0.100000099999999994549,basic,23,0.430857449769973754883,0.347329125853082398834,0.347329125853082398834,8.352832391689135604906e-02,0.000000000000000000000e+00
0.100000099999999994549,basic,24,1.166515469551086425781,1.027403938414730433237,1.027403938414730433237,1.391115311363559925439e-01,0.000000000000000000000e+00
0.100000099999999994549,basic,25,0.583786845207214355469,0.942939195648624162160,0.942939195648624162160,3.591523504414098066917e-01,0.000000000000000000000e+00
0.100000099999999994549,basic,26,1.312726140022277832031,1.104353802523073690978,1.104353802523073690978,2.083723374992041410536e-01,0.000000000000000000000e+00
0.100000099999999994549,basic,27,0.081154823303222656250,0.758623246650778626510,0.758623246650778626510,6.774684233475559702597e-01,0.000000000000000000000e+00
0.100000099999999994549,basic,28,0.304860979318618774414,1.307965295526210214305,1.307965295526210214305,1.003104316207591439891e+00,0.000000000000000000000e+00
0.100000099999999994549,basic,29,0.940623283386230468750,0.099541539201941420245,0.099541539201941420245,8.410817441842890485049e-01,0.000000000000000000000e+00
0.100000099999999994549,basic,30,1.108176708221435546875,0.368440602727690746931,0.368440602727690746931,7.397361054937447999436e-01,0.000000000000000000000e+00
0.100000099999999994549,basic,31,0.748539984226226806641,1.066516977695730838960,1.066516977695730838960,3.179769934695040323192e-01,0.000000000000000000000e+00
0.100000099999999994549,basic,32,1.313223600387573242188,0.853692519643215241842,0.853692519643215241842,4.595310807443580003451e-01,0.000000000000000000000e+00
0.100000099999999994549,basic,33,0.079225778579711914062,1.228397324288516667679,1.228397324288516667679,1.149171545708804753616e+00,0.000000000000000000000e+00
0.100000099999999994549,basic,34,0.298072934150695800781,0.386709338196505103546,0.386709338196505103546,8.863640404580930276524e-02,0.000000000000000000000e+00
0.100000099999999994549,basic,35,0.925749301910400390625,1.098205016040883386097,1.098205016040883386097,1.724557141304829954720e-01,0.000000000000000000000e+00
0.100000099999999994549,basic,36,1.131961941719055175781,0.774657292391462748427,0.774657292391462748427,3.573046493275924273547e-01,0.000000000000000000000e+00
0.100000099999999994549,basic,37,0.683834195137023925781,1.298347407600034308928,1.298347407600034308928,6.145132124630103831464e-01,0.000000000000000000000e+00
0.100000099999999994549,basic,38,1.332449197769165039062,0.136271657934948331459,0.136271657934948331459,1.196177539834216707604e+00,0.000000000000000000000e+00
0.100000099999999994549,basic,39,0.003534197807312011719,0.489376737470774647587,0.489376737470774647587,4.858425396634626358683e-01,0.000000000000000000000e+00
0.100000099999999994549,basic,40,0.014099319465458393097,1.239038176350480080501,1.239038176350480080501,1.224938856885021687404e+00,0.000000000000000000000e+00
0.100000099999999994549,basic,41,0.055800907313823699951,0.350505898040150087880,0.350505898040150087880,2.947049907263263879287e-01,0.000000000000000000000e+00
0.100000099999999994549,basic,42,0.213862389326095581055,1.033460438477804110846,1.033460438477804110846,8.195980491517085297914e-01,0.000000000000000000000e+00
0.100000099999999994549,basic,43,0.718238115310668945312,0.929720320215011053477,0.929720320215011053477,2.114822049043421081649e-01,0.000000000000000000000e+00
0.100000099999999994549,basic,44,1.325354576110839843750,1.125741659397936134113,1.125741659397936134113,1.996129167129037096373e-01,0.000000000000000000000e+00
0.100000099999999994549,basic,45,0.031724095344543457031,0.701083786479687942617,0.701083786479687942617,6.693596911351444855853e-01,0.000000000000000000000e+00
0.100000099999999994549,basic,46,0.123877122998237609863,1.329779718924661846557,1.329779718924661846557,1.205902595926424236694e+00,0.000000000000000000000e+00
0.100000099999999994549,basic,47,0.449471890926361083984,0.014176573108589440864,0.014176573108589440864,4.352953178177716431208e-01,0.000000000000000000000e+00
0.100000099999999994549,basic,48,1.191812515258789062500,0.056103366759048221846,0.056103366759048221846,1.135709148499740805960e+00,0.000000000000000000000e+00
0.100000099999999994549,basic,49,0.505998849868774414062,0.214970703751092062639,0.214970703751092062639,2.910281461176823514236e-01,0.000000000000000000000e+00
0.100000099999999994549,basic,50,1.255890846252441406250,0.721245604590648903276,0.721245604590648903276,5.346452416617925029740e-01,0.000000000000000000000e+00
0.100000099999999994549,basic,51,0.291777908802032470703,1.324396751938603511434,1.324396751938603511434,1.032618843136571040731e+00,0.000000000000000000000e+00
0.100000099999999994549,basic,52,0.911708593368530273438,0.035506738117845326741,0.035506738117845326741,8.762018552506849466965e-01,0.000000000000000000000e+00
0.100000099999999994549,basic,53,1.153196692466735839844,0.138244767116073558055,0.138244767116073558055,1.014951925350662254033e+00,0.000000000000000000000e+00
0.100000099999999994549,basic,54,0.623198926448822021484,0.495644221559361941587,0.495644221559361941587,1.275547048894600798974e-01,0.000000000000000000000e+00
0.100000099999999994549,basic,55,1.327664971351623535156,1.245587303141890256342,1.245587303141890256342,8.207766820973327881461e-02,0.000000000000000000000e+00
0.100000099999999994549,basic,56,0.022577047348022460938,0.327886023322699338145,0.327886023322699338145,3.053089759746768772075e-01,0.000000000000000000000e+00
0.100000099999999994549,basic,57,0.088779017329216003418,0.989016360419676110460,0.989016360419676110460,9.002373430904601070424e-01,0.000000000000000000000e+00
0.100000099999999994549,basic,58,0.331470906734466552734,1.021605358145356357014,1.021605358145356357014,6.901344514108898042792e-01,0.000000000000000000000e+00
0.100000099999999994549,basic,59,0.996264755725860595703,0.955388909207519954059,0.955388909207519954059,4.087584651834064164433e-02,0.000000000000000000000e+00
0.100000099999999994549,basic,60,1.007428646087646484375,1.083251733319875453887,1.083251733319875453887,7.582308723222896951199e-02,0.000000000000000000000e+00
0.100000099999999994549,basic,61,0.984977126121520996094,0.812703980057958075278,0.812703980057958075278,1.722731460635629208156e-01,0.000000000000000000000e+00
0.100000099999999994549,basic,62,1.029368638992309570312,1.269352642625694471690,1.269352642625694471690,2.399840036333849013772e-01,0.000000000000000000000e+00
0.100000099999999994549,basic,63,0.938675165176391601562,0.243642176480275862716,0.243642176480275862716,6.950329886961157388470e-01,0.000000000000000000000e+00
0.100000099999999994549,basic,64,1.111367464065551757812,0.796484175440965835868,0.796484175440965835868,3.148832886245859219443e-01,0.000000000000000000000e+00
0.100000099999999994549,basic,65,0.740056931972503662109,1.282775576580237553159,1.282775576580237553159,5.427186446077338910499e-01,0.000000000000000000000e+00
0.100000099999999994549,basic,66,1.317174911499023437500,0.194562766708667567173,0.194562766708667567173,1.122612144790355870327e+00,0.000000000000000000000e+00
0.100000099999999994549,basic,67,0.063850402832031250000,0.664687056266676012939,0.664687056266676012939,6.008366534346447629389e-01,0.000000000000000000000e+00
0.100000099999999994549,basic,68,0.243170991539955139160,1.333321576761326010541,1.333321576761326010541,1.090150585221370871380e+00,0.000000000000000000000e+00
0.100000099999999994549,basic,69,0.795287609100341796875,0.000047025873378236938,0.000047025873378236938,7.952405832269635599374e-01,0.000000000000000000000e+00
0.100000099999999994549,basic,70,1.283703327178955078125,0.000188096859214646788,0.000188096859214646788,1.283515230319740352272e+00,0.000000000000000000000e+00
0.100000099999999994549,basic,71,0.191130638122558593750,0.000752281295573247887,0.000752281295573247887,1.903783568269853399002e-01,0.000000000000000000000e+00
0.100000099999999994549,basic,72,0.654929757118225097656,0.003007427400849983432,0.003007427400849983432,6.519223297173750708566e-01,0.000000000000000000000e+00
0.100000099999999994549,basic,73,1.332920074462890625000,0.012002575744685783227,0.012002575744685783227,1.320917498718204852182e+00,0.000000000000000000000e+00
0.100000099999999994549,basic,74,0.001652479171752929688,0.047578117505222367045,0.047578117505222367045,4.592563833346943735769e-02,0.000000000000000000000e+00
0.100000099999999994549,basic,75,0.006601724773645401001,0.183521438224867244893,0.183521438224867244893,1.769197134512218438918e-01,0.000000000000000000000e+00
0.100000099999999994549,basic,76,0.026276150718331336975,0.633045398035097739431,0.633045398035097739431,6.067692473167664024558e-01,0.000000000000000000000e+00
0.100000099999999994549,basic,77,0.103033289313316345215,1.329942164220144995568,1.329942164220144995568,1.226908874906828650353e+00,0.000000000000000000000e+00
0.100000099999999994549,basic,78,0.380285561084747314453,0.013530176368890645122,0.013530176368890645122,3.667553847158566693309e-01,0.000000000000000000000e+00
0.100000099999999994549,basic,79,1.087291002273559570312,0.053571508457842718920,0.053571508457842718920,1.033719493815716816698e+00,0.000000000000000000000e+00
0.100000099999999994549,basic,80,0.802558839321136474609,0.205676314276024729821,0.205676314276024729821,5.968825250451117447881e-01,0.000000000000000000000e+00
0.100000099999999994549,basic,81,1.277933239936828613281,0.695797018341588691115,0.695797018341588691115,5.821362215952399221663e-01,0.000000000000000000000e+00
0.100000099999999994549,basic,82,0.212392807006835937500,1.330787601167219502685,1.330787601167219502685,1.118394794160383565185e+00,0.000000000000000000000e+00
0.100000099999999994549,basic,83,0.714239120483398437500,0.010163486407670507816,0.010163486407670507816,7.040756340757279296838e-01,0.000000000000000000000e+00
0.100000099999999994549,basic,84,1.326543927192687988281,0.040344056262805322310,0.040344056262805322310,1.286199870929882749238e+00,0.000000000000000000000e+00
0.100000099999999994549,basic,85,0.027019262313842773438,0.156493296424012079404,0.156493296424012079404,1.294740341101693059667e-01,0.000000000000000000000e+00
0.100000099999999994549,basic,86,0.105886928737163543701,0.552502730219087134778,0.552502730219087134778,4.466158014819235910764e-01,0.000000000000000000000e+00
0.100000099999999994549,basic,87,0.389911592006683349609,1.294233120177712415000,1.294233120177712415000,9.043215281710290653905e-01,0.000000000000000000000e+00
0.100000099999999994549,basic,88,1.103553175926208496094,0.151814372616038806285,0.151814372616038806285,9.517388033101696898086e-01,0.000000000000000000000e+00
0.100000099999999994549,basic,89,0.760723888874053955078,0.538114679265750739390,0.538114679265750739390,2.226092096083032156884e-01,0.000000000000000000000e+00
0.100000099999999994549,basic,90,1.306793093681335449219,1.283756492939157611843,1.283756492939157611843,2.303660074217783737538e-02,0.000000000000000000000e+00
0.100000099999999994549,basic,91,0.104047894477844238281,0.190933772266294043973,0.190933772266294043973,8.688587778844980569204e-02,0.000000000000000000000e+00
0.100000099999999994549,basic,92,0.383713692426681518555,0.654367972889665083791,0.654367972889665083791,2.706542804629835652364e-01,0.000000000000000000000e+00
0.100000099999999994549,basic,93,1.093146085739135742188,1.332879559727472074115,1.332879559727472074115,2.397334739883363319279e-01,0.000000000000000000000e+00
0.100000099999999994549,basic,94,0.787679255008697509766,0.001814476691988975432,0.001814476691988975432,7.858647783167085343337e-01,0.000000000000000000000e+00
0.100000099999999994549,basic,95,1.289401292800903320312,0.007248029790958588139,0.007248029790958588139,1.282153263009944810236e+00,0.000000000000000000000e+00
0.100000099999999994549,basic,96,0.169938087463378906250,0.028834517356282486633,0.028834517356282486633,1.411035701070964265558e-01,0.000000000000000000000e+00
0.100000099999999994549,basic,97,0.593115448951721191406,0.112843781251620672856,0.112843781251620672856,4.802716677001005463055e-01,0.000000000000000000000e+00
0.100000099999999994549,basic,98,1.317103981971740722656,0.413173968104991851114,0.413173968104991851114,9.039300138667488715427e-01,0.000000000000000000000e+00
0.100000099999999994549,basic,99,0.064127206802368164062,1.140557688661092861082,1.140557688661092861082,1.076430481858724697020e+00,0.000000000000000000000e+00
0.100000099999999994549,alt,0,0.100000098347663879395,0.100000099999999994549,0.100000099999999994549,1.652336115154362516932e-09,0.000000000000000000000e+00
0.100000099999999994549,alt,1,0.370000332593917846680,0.370000339999969951599,0.370000339999969951599,7.406052104919069734024e-09,0.000000000000000000000e+00
0.100000099999999994549,alt,2,1.069300651550292968750,1.069300605199599685236,1.069300605199599685236,4.635069328351448803005e-08,0.000000000000000000000e+00
0.100000099999999994549,alt,3,0.846991062164306640625,0.846991067957708398950,0.846991067957708398950,5.793401758324989714311e-09,0.000000000000000000000e+00
0.100000099999999994549,alt,4,1.235782623291015625000,1.235782664230415495155,1.235782664230415495155,4.093939987015460246766e-08,0.000000000000000000000e+00
0.100000099999999994549,alt,5,0.361654281616210937500,0.361654277284390701652,0.361654277284390701652,4.331820235847771982662e-09,0.000000000000000000000e+00
0.100000099999999994549,alt,6,1.054235696792602539062,1.054235660303277866134,1.054235660303277866134,3.648932467292809178616e-08,0.000000000000000000000e+00
0.100000099999999994549,alt,7,0.882704019546508789062,0.882704158847846809266,0.882704158847846809266,1.393013380202035023103e-07,0.000000000000000000000e+00
0.100000099999999994549,alt,8,1.193316936492919921875,1.193316739249532965061,1.193316739249532965061,1.972433869568135378358e-07,0.000000000000000000000e+00
0.100000099999999994549,alt,9,0.501251697540283203125,0.501252436478718088608,0.501252436478718088608,7.389384348854832751385e-07,0.000000000000000000000e+00
0.100000099999999994549,alt,10,1.251246929168701171875,1.251247730687318426845,1.251247730687318426845,8.015186172549704224366e-07,0.000000000000000000000e+00
0.100000099999999994549,alt,11,0.308131217956542968750,0.308128272098781685884,0.308128272098781685884,2.945857761282866249530e-06,0.000000000000000000000e+00
0.100000099999999994549,alt,12,0.947690367698669433594,0.947683992195384128365,0.947683992195384128365,6.375503285305228473590e-06,0.000000000000000000000e+00
0.100000099999999994549,alt,13,1.096410512924194335938,1.096421121591393710304,1.096421121591393710304,1.060866719937436641885e-05,0.000000000000000000000e+00
0.100000099999999994549,alt,14,0.779294013977050781250,0.779266658750385587950,0.779266658750385587950,2.735522666519329959556e-05,0.000000000000000000000e+00
0.100000099999999994549,alt,15,1.295278549194335937500,1.295297058681572632821,1.295297058681572632821,1.850948723669532114400e-05,0.000000000000000000000e+00
0.100000099999999994549,alt,16,0.147874832153320312500,0.147804824038890281201,0.147804824038890281201,7.000811443003129852514e-05,0.000000000000000000000e+00
0.100000099999999994549,alt,17,0.525898456573486328125,0.525680498128059170426,0.525680498128059170426,2.179584454271576987594e-04,0.000000000000000000000e+00
0.100000099999999994549,alt,18,1.273886203765869140625,1.273702034175743458277,1.273702034175743458277,1.841695901256823475478e-04,0.000000000000000000000e+00
0.100000099999999994549,alt,19,0.227186679840087890625,0.227857521112693639509,0.227857521112693639509,6.708412726057488839615e-04,0.000000000000000000000e+00
0.100000099999999994549,alt,20,0.753905355930328369141,0.755672934667909634854,0.755672934667909634854,1.767578737581265713175e-03,0.000000000000000000000e+00
0.100000099999999994549,alt,21,1.310501575469970703125,1.309566986102806307457,1.309566986102806307457,9.345893671643956679418e-04,0.000000000000000000000e+00
0.100000099999999994549,alt,22,0.089763164520263671875,0.093370871140062483562,0.093370871140062483562,3.607706619798811686906e-03,0.000000000000000000000e+00
0.100000099999999994549,alt,23,0.334880381822586059570,0.347329125827887497113,0.347329125827887497113,1.244874400530143754295e-02,0.000000000000000000000e+00
0.100000099999999994549,alt,24,1.003086924552917480469,1.027403938366456381814,1.027403938366456381814,2.431701381353890134562e-02,0.000000000000000000000e+00
0.100000099999999994549,alt,25,0.993797779083251953125,0.942939195753109249409,0.942939195753109249409,5.085858333014270371564e-02,0.000000000000000000000e+00
0.100000099999999994549,alt,26,1.012289047241210937500,1.104353802349875568467,1.104353802349875568467,9.206475510866463096704e-02,0.000000000000000000000e+00
0.100000099999999994549,alt,27,0.974968910217285156250,0.758623247105618236930,0.758623247105618236930,2.163456631116669193204e-01,0.000000000000000000000e+00
0.100000099999999994549,alt,28,1.048182487487792968750,1.307965295275257178176,1.307965295275257178176,2.597828077874642094258e-01,0.000000000000000000000e+00
0.100000099999999994549,alt,29,0.896670341491699218750,0.099541540167556341601,0.099541540167556341601,7.971288013241428771494e-01,0.000000000000000000000e+00
0.100000099999999994549,alt,30,1.174628257751464843750,0.368440606013437643718,0.368440606013437643718,8.061876517380272000324e-01,0.000000000000000000000e+00
0.100000099999999994549,alt,31,0.559258460998535156250,1.066516983575103161286,1.066516983575103161286,5.072585225765680050358e-01,0.000000000000000000000e+00
0.100000099999999994549,alt,32,1.298723697662353515625,0.853692505538002244236,0.853692505538002244236,4.450311921243512713886e-01,0.000000000000000000000e+00
0.100000099999999994549,alt,33,0.134845256805419921875,1.228397340116753166939,1.228397340116753166939,1.093552083311333245064e+00,0.000000000000000000000e+00
0.100000099999999994549,alt,34,0.484831303358078002930,0.386709284849270140683,0.386709284849270140683,9.812201850880786224707e-02,0.000000000000000000000e+00
0.100000099999999994549,alt,35,1.234141111373901367188,1.098204926431178840573,1.098204926431178840573,1.359361849427225266140e-01,0.000000000000000000000e+00
0.100000099999999994549,alt,36,0.367251396179199218750,0.774657524411582532053,0.774657524411582532053,4.074061282323833133034e-01,0.000000000000000000000e+00
0.100000099999999994549,alt,37,1.064384818077087402344,1.298347257263885445866,1.298347257263885445866,2.339624391867980435222e-01,0.000000000000000000000e+00
0.100000099999999994549,alt,38,0.858794212341308593750,0.136272227721580208026,0.136272227721580208026,7.225219846197283857236e-01,0.000000000000000000000e+00
0.100000099999999994549,alt,39,1.222594261169433593750,0.489378550741714213324,0.489378550741714213324,7.332157104277193804265e-01,0.000000000000000000000e+00
0.100000099999999994549,alt,40,0.406167030334472656250,1.239040105188675244818,1.239040105188675244818,8.328730748542025885683e-01,0.000000000000000000000e+00
0.100000099999999994549,alt,41,1.129753112792968750000,0.350499273956811130404,0.350499273956811130404,7.792538388361576195962e-01,0.000000000000000000000e+00
0.100000099999999994549,alt,42,0.689986228942871093750,1.033447872694489344525,1.033447872694489344525,3.434616437516182507750e-01,0.000000000000000000000e+00
0.100000099999999994549,alt,43,1.331701874732971191406,0.929747974047661074337,0.929747974047661074337,4.019539006853101170691e-01,0.000000000000000000000e+00
0.100000099999999994549,alt,44,0.006517887115478515625,1.125698010453453523638,1.125698010453453523638,1.119180123337975008013e+00,0.000000000000000000000e+00
0.100000099999999994549,alt,45,0.025944100692868232727,0.701204009597223620887,0.701204009597223620887,6.752599089043553881595e-01,0.000000000000000000000e+00
0.100000099999999994549,alt,46,0.101757116615772247314,1.329754849163224728059,1.329754849163224728059,1.227997732547452480745e+00,0.000000000000000000000e+00
0.100000099999999994549,alt,47,0.375964939594268798828,0.014275520033566913014,0.014275520033566913014,3.616894195607018858141e-01,0.000000000000000000000e+00
0.100000099999999994549,alt,48,1.079810857772827148438,0.056490708717581342158,0.056490708717581342158,1.023320149055245709135e+00,0.000000000000000000000e+00
0.100000099999999994549,alt,49,0.821269035339355468750,0.216389234356081511246,0.216389234356081511246,6.048798009832739852598e-01,0.000000000000000000000e+00
0.100000099999999994549,alt,50,1.261627674102783203125,0.725084035188692577201,0.725084035188692577201,5.365436389140906259243e-01,0.000000000000000000000e+00
0.100000099999999994549,alt,51,0.271397590637207031250,1.323095566498218911278,1.323095566498218911278,1.051697975861011880028e+00,0.000000000000000000000e+00
0.100000099999999994549,alt,52,0.864620387554168701172,0.040636631731147510038,0.040636631731147510038,8.239837558230211911336e-01,0.000000000000000000000e+00
0.100000099999999994549,alt,53,1.215776443481445312500,0.157592519409231329730,0.157592519409231329730,1.058183924072213955014e+00,0.000000000000000000000e+00
0.100000099999999994549,alt,54,0.428768634796142578125,0.555863871115678476187,0.555863871115678476187,1.270952363195358980619e-01,0.000000000000000000000e+00
0.100000099999999994549,alt,55,1.163546919822692871094,1.296501554827591107255,1.296501554827591107255,1.329546350048982361614e-01,0.000000000000000000000e+00
0.100000099999999994549,alt,56,0.592663288116455078125,0.143257374299280648700,0.143257374299280648700,4.494059138171744294254e-01,0.000000000000000000000e+00
0.100000099999999994549,alt,57,1.316903829574584960938,0.511461471323749972129,0.511461471323749972129,8.054423582508349888087e-01,0.000000000000000000000e+00
0.100000099999999994549,alt,58,0.064908027648925781250,1.261067375349034680454,1.261067375349034680454,1.196159347700108899204e+00,0.000000000000000000000e+00
0.100000099999999994549,alt,59,0.246992960572242736816,0.273396725887029568014,0.273396725887029568014,2.640376531478683119758e-02,0.000000000000000000000e+00
0.100000099999999994549,alt,60,0.804955244064331054688,0.869349594370875555782,0.869349594370875555782,6.439435030654450109466e-02,0.000000000000000000000e+00
0.100000099999999994549,alt,61,1.275962114334106445312,1.210092225785084796286,1.210092225785084796286,6.586988854902164902683e-02,0.000000000000000000000e+00
0.100000099999999994549,alt,62,0.219610691070556640625,0.447399318423837399905,0.447399318423837399905,2.277886273532807592801e-01,0.000000000000000000000e+00
0.100000099999999994549,alt,63,0.733756184577941894531,1.189098823317007003197,1.189098823317007003197,4.553426387390651086662e-01,0.000000000000000000000e+00
0.100000099999999994549,alt,64,1.319830179214477539062,0.514527258426356048915,0.514527258426356048915,8.053029207881214901477e-01,0.000000000000000000000e+00
0.100000099999999994549,alt,65,0.053465843200683593750,1.263894134714197647895,1.263894134714197647895,1.210428291513514054145e+00,0.000000000000000000000e+00
0.100000099999999994549,alt,66,0.205287575721740722656,0.263291387561939593809,0.263291387561939593809,5.800381184019887115255e-02,0.000000000000000000000e+00
0.100000099999999994549,alt,67,0.694721341133117675781,0.845198485954884004556,0.845198485954884004556,1.504771448217663287750e-01,0.000000000000000000000e+00
0.100000099999999994549,alt,68,1.330972075462341308594,1.237712501838251544228,1.237712501838251544228,9.325957362408976436541e-02,0.000000000000000000000e+00
0.100000099999999994549,alt,69,0.009428501129150390625,0.355053295732894902415,0.355053295732894902415,3.456247946037445117895e-01,0.000000000000000000000e+00
0.100000099999999994549,alt,70,0.037447314709424972534,1.042024654499208002889,1.042024654499208002889,1.004577339789783030355e+00,0.000000000000000000000e+00
0.100000099999999994549,alt,71,0.145582348108291625977,0.910652476244250941306,0.910652476244250941306,7.650701281359593153297e-01,0.000000000000000000000e+00
0.100000099999999994549,alt,72,0.518746733665466308594,1.154746107507645724866,1.154746107507645724866,6.359993738421794162718e-01,0.000000000000000000000e+00
0.100000099999999994549,alt,73,1.267692327499389648438,0.618668711618404643104,0.618668711618404643104,6.490236158809850053331e-01,0.000000000000000000000e+00
0.100000099999999994549,alt,74,0.249637603759765625000,1.326421922266888486774,1.326421922266888486774,1.076784318507122861774e+00,0.000000000000000000000e+00
0.100000099999999994549,alt,75,0.811593651771545410156,0.027502341456990819779,0.027502341456990819779,7.840913103145545903772e-01,0.000000000000000000000e+00
0.100000099999999994549,alt,76,1.270321726799011230469,0.107740229471112530790,0.107740229471112530790,1.162581497327898727434e+00,0.000000000000000000000e+00
0.100000099999999994549,alt,77,0.240135192871093750000,0.396137046744986176527,0.396137046744986176527,1.560018538738924265274e-01,0.000000000000000000000e+00
0.100000099999999994549,alt,78,0.787546038627624511719,1.113774507568426663795,1.113774507568426663795,3.262284689408021520762e-01,0.000000000000000000000e+00
0.100000099999999994549,alt,79,1.289497971534729003906,0.733617069145832800814,0.733617069145832800814,5.558809023888962030924e-01,0.000000000000000000000e+00
0.100000099999999994549,alt,80,0.169576644897460937500,1.319886264156966415584,1.319886264156966415584,1.150309619259505478084e+00,0.000000000000000000000e+00
0.100000099999999994549,alt,81,0.592037856578826904297,0.053245805697165415893,0.053245805697165415893,5.387920508816614884040e-01,0.000000000000000000000e+00
0.100000099999999994549,alt,82,1.316624999046325683594,0.204477875315640794662,0.204477875315640794662,1.112147123730684805665e+00,0.000000000000000000000e+00
0.100000099999999994549,alt,83,0.065996170043945312500,0.692477896781766966150,0.692477896781766966150,6.264817267378216536500e-01,0.000000000000000000000e+00
0.100000099999999994549,alt,84,0.250918209552764892578,1.331334674533169337707,1.331334674533169337707,1.080416464980404445129e+00,0.000000000000000000000e+00
0.100000099999999994549,alt,85,0.814792990684509277344,0.007982651289657916038,0.007982651289657916038,8.068103393948513613054e-01,0.000000000000000000000e+00
0.100000099999999994549,alt,86,1.267509222030639648438,0.031739436993794833963,0.031739436993794833963,1.235769785036844758963e+00,0.000000000000000000000e+00
0.100000099999999994549,alt,87,0.250298023223876953125,0.123935572393130119528,0.123935572393130119528,1.263624508307468197188e-01,0.000000000000000000000e+00
0.100000099999999994549,alt,88,0.813244819641113281250,0.449662211259282074138,0.449662211259282074138,3.635826083818312071116e-01,0.000000000000000000000e+00
0.100000099999999994549,alt,89,1.268877863883972167969,1.192060532333366618118,1.192060532333366618118,7.681733155060554985027e-02,0.000000000000000000000e+00
0.100000099999999994549,alt,90,0.245358467102050781250,0.505217191092738104885,0.505217191092738104885,2.598587239906873236350e-01,0.000000000000000000000e+00
0.100000099999999994549,alt,91,0.800831556320190429688,1.255135533844043749241,1.255135533844043749241,4.543039775238533195534e-01,0.000000000000000000000e+00
0.100000099999999994549,alt,92,1.279332637786865234375,0.294446510422257112793,0.294446510422257112793,9.848861273646081215816e-01,0.000000000000000000000e+00
0.100000099999999994549,alt,93,0.207254409790039062500,0.917689799189495336584,0.917689799189495336584,7.104353893994562740843e-01,0.000000000000000000000e+00
0.100000099999999994549,alt,94,0.700154483318328857422,1.144295494148612313268,1.144295494148612313268,4.441410108302834558458e-01,0.000000000000000000000e+00
0.100000099999999994549,alt,95,1.329969048500061035156,0.648945442807998595924,0.648945442807998595924,6.810236056920624392319e-01,0.000000000000000000000e+00
0.100000099999999994549,alt,96,0.013422966003417968750,1.332391208008186334055,1.332391208008186334055,1.318968242004768365305e+00,0.000000000000000000000e+00
0.100000099999999994549,alt,97,0.053151335567235946655,0.003765838500203066985,0.003765838500203066985,4.938549706703287967002e-02,0.000000000000000000000e+00
0.100000099999999994549,alt,98,0.204130142927169799805,0.015020809381983432282,0.015020809381983432282,1.891093335451863588492e-01,0.000000000000000000000e+00
0.100000099999999994549,alt,99,0.691513240337371826172,0.059406363384464082322,0.059406363384464082322,6.321068769529077924219e-01,0.000000000000000000000e+00
0.100000000000000102696,basic,0,0.100000001490116119385,0.100000000000000102696,0.100000000000000102696,1.490116016689135847173e-09,0.000000000000000000000e+00
0.100000000000000102696,basic,1,0.370000004768371582031,0.370000000000000328626,0.370000000000000328626,4.768371253405234710954e-09,0.000000000000000000000e+00
0.100000000000000102696,basic,2,1.069299936294555664062,1.069300000000000583356,1.069300000000000583356,6.370544491929308605904e-08,0.000000000000000000000e+00
0.100000000000000102696,basic,3,0.846992671489715576172,0.846992529999998522428,0.846992529999998522428,1.414897170537443571448e-07,0.000000000000000000000e+00
0.100000000000000102696,basic,4,1.235780954360961914062,1.235781082372598760344,1.235781082372598760344,1.280116368462813625229e-07,0.000000000000000000000e+00
0.100000000000000102696,basic,5,0.361660122871398925781,0.361659678840419829271,0.361659678840419829271,4.440309790965102365590e-07,0.000000000000000000000e+00
0.100000000000000102696,basic,6,1.054246425628662109375,1.054245545464812527925,1.054245545464812527925,8.801638495814501084169e-07,0.000000000000000000000e+00
0.100000000000000102696,basic,7,0.882679104804992675781,0.882681171462049829479,0.882681171462049829479,2.066657057153697962804e-06,0.000000000000000000000e+00
0.100000000000000102696,basic,8,1.193349242210388183594,1.193346534487349508424,1.193346534487349508424,2.707723038675169391354e-06,0.000000000000000000000e+00
0.100000000000000102696,basic,9,0.501149773597717285156,0.501158283830497430777,0.501158283830497430777,8.510232780145621234169e-06,0.000000000000000000000e+00
0.100000000000000102696,basic,10,1.251145839691162109375,1.251154258966201471281,1.251154258966201471281,8.419275039361906465274e-06,0.000000000000000000000e+00
0.100000000000000102696,basic,11,0.308485627174377441406,0.308456096677011681884,0.308456096677011681884,2.953049736575952266548e-05,0.000000000000000000000e+00
0.100000000000000102696,basic,12,0.948452353477478027344,0.948388895976392753973,0.948388895976392753973,6.345750108527337118858e-05,0.000000000000000000000e+00
0.100000000000000102696,basic,13,1.095123767852783203125,1.095231089871607554898,1.095231089871607554898,1.073220188243517725368e-04,0.000000000000000000000e+00
0.100000000000000102696,basic,14,0.782606840133666992188,0.782330938822382249143,0.782330938822382249143,2.759013112847430448937e-04,0.000000000000000000000e+00
0.100000000000000102696,basic,15,1.293006896972656250000,1.293198661773399038566,1.293198661773399038566,1.917648007427885659126e-04,0.000000000000000000000e+00
0.100000000000000102696,basic,16,0.156427025794982910156,0.155706310656065882725,0.155706310656065882725,7.207151389170274313756e-04,0.000000000000000000000e+00
0.100000000000000102696,basic,17,0.552299857139587402344,0.550091877089893710462,0.550091877089893710462,2.207980049693691881885e-03,0.000000000000000000000e+00
0.100000000000000102696,basic,18,1.294094085693359375000,1.292564288638726743841,1.292564288638726743841,1.529797054632631159166e-03,0.000000000000000000000e+00
0.100000000000000102696,basic,19,0.152337789535522460938,0.158089833762493858771,0.158089833762493858771,5.752044226971397833381e-03,0.000000000000000000000e+00
0.100000000000000102696,basic,20,0.539730787277221679688,0.557382148432816526551,0.557382148432816526551,1.765136115559484686344e-02,0.000000000000000000000e+00
0.100000000000000102696,basic,21,1.284995198249816894531,1.297504015556519174623,1.297504015556519174623,1.250881730670228009217e-02,0.000000000000000000000e+00
0.100000000000000102696,basic,22,0.186342835426330566406,0.139466051070200824924,0.139466051070200824924,4.687678435612974148228e-02,0.000000000000000000000e+00
0.100000000000000102696,basic,23,0.641200423240661621094,0.499511866077455679580,0.499511866077455679580,1.416885571632059415137e-01,0.000000000000000000000e+00
0.100000000000000102696,basic,24,1.331387758255004882812,1.249511151253276608486,1.249511151253276608486,8.187660700172827432652e-02,0.000000000000000000000e+00
0.100000000000000102696,basic,25,0.007770895957946777344,0.314210253694240382316,0.314210253694240382316,3.064393577362936049724e-01,0.000000000000000000000e+00
0.100000000000000102696,basic,26,0.030902422964572906494,0.960656764197164836361,0.960656764197164836361,9.297543412325919298667e-01,0.000000000000000000000e+00
0.100000000000000102696,basic,27,0.120744809508323669434,1.074042800995357760385,1.074042800995357760385,9.532979914870340909516e-01,0.000000000000000000000e+00
0.100000000000000102696,basic,28,0.439241290092468261719,0.835467388871570015851,0.835467388871570015851,3.962260987791017541326e-01,0.000000000000000000000e+00
0.100000000000000102696,basic,29,1.178166389465332031250,1.247852281882642522248,1.247852281882642522248,6.968589241731049099826e-02,0.000000000000000000000e+00
0.100000000000000102696,basic,30,0.548437416553497314453,0.320003175331416311877,0.320003175331416311877,2.284342412220810025758e-01,0.000000000000000000000e+00
0.100000000000000102696,basic,31,1.291398882865905761719,0.972806604659097740040,0.972806604659097740040,3.185922782068080216789e-01,0.000000000000000000000e+00
0.100000000000000102696,basic,32,0.162462353706359863281,1.052168348431304689683,1.052168348431304689683,8.897059947249448264017e-01,0.000000000000000000000e+00
0.100000000000000102696,basic,33,0.570667386054992675781,0.887498693403240612732,0.887498693403240612732,3.168313073482479369503e-01,0.000000000000000000000e+00
0.100000000000000102696,basic,34,1.305685758590698242188,1.187032981235584649937,1.187032981235584649937,1.186527773551135922503e-01,0.000000000000000000000e+00
0.100000000000000102696,basic,35,0.108297109603881835938,0.520990029319219005721,0.520990029319219005721,4.126929197153371697837e-01,0.000000000000000000000e+00
0.100000000000000102696,basic,36,0.398003637790679931641,1.269668285326754020303,1.269668285326754020303,8.716646475360740886629e-01,0.000000000000000000000e+00
0.100000000000000102696,basic,37,1.116793870925903320312,0.242500477013277038196,0.242500477013277038196,8.742933939126262821162e-01,0.000000000000000000000e+00
0.100000000000000102696,basic,38,0.725489854812622070312,0.793582463998107390246,0.793582463998107390246,6.809260918548531993366e-02,0.000000000000000000000e+00
0.100000000000000102696,basic,39,1.322952747344970703125,1.285010474496507404396,1.285010474496507404396,3.794227284846329872892e-02,0.000000000000000000000e+00
0.100000000000000102696,basic,40,0.041199088096618652344,0.186286139288812435666,0.186286139288812435666,1.450870511921937833222e-01,0.000000000000000000000e+00
0.100000000000000102696,basic,41,0.159704267978668212891,0.641036980081857277192,0.641036980081857277192,4.813327121031890643010e-01,0.000000000000000000000e+00
0.100000000000000102696,basic,42,0.562300682067871093750,1.331362690830026673794,1.331362690830026673794,7.690620087621555800439e-01,0.000000000000000000000e+00
0.100000000000000102696,basic,43,1.300656557083129882812,0.007870919717599011989,0.007870919717599011989,1.292785637365530870824e+00,0.000000000000000000000e+00
0.100000000000000102696,basic,44,0.127503752708435058594,0.031297824738793382504,0.031297824738793382504,9.620592796964166915075e-02,0.000000000000000000000e+00
0.100000000000000102696,basic,45,0.461243391036987304688,0.122252637455032842073,0.122252637455032842073,3.389907535819544626143e-01,0.000000000000000000000e+00
0.100000000000000102696,basic,46,1.206737160682678222656,0.444173427725996272653,0.444173427725996272653,7.625637329566818944926e-01,0.000000000000000000000e+00
0.100000000000000102696,basic,47,0.458304882049560546875,1.184823609210402528547,1.184823609210402528547,7.265187271608419816715e-01,0.000000000000000000000e+00
0.100000000000000102696,basic,48,1.203089475631713867188,0.527873482014516226535,0.527873482014516226535,6.752159936171976406527e-01,0.000000000000000000000e+00
0.100000000000000102696,basic,49,0.470085024833679199219,1.275542689015675357211,1.275542689015675357211,8.054576641819961579927e-01,0.000000000000000000000e+00
0.100000000000000102696,basic,50,1.217400312423706054688,0.221143301558681670826,0.221143301558681670826,9.962570108650243838611e-01,0.000000000000000000000e+00
0.100000000000000102696,basic,51,0.423410713672637939453,0.737860126761904600023,0.737860126761904600023,3.144494130892666605703e-01,0.000000000000000000000e+00
0.100000000000000102696,basic,52,1.155812978744506835938,1.318127807052336564198,1.318127807052336564198,1.623148283078297282600e-01,0.000000000000000000000e+00
0.100000000000000102696,basic,53,0.615540981292724609375,0.060128481035540914945,0.060128481035540914945,5.554125002571836944298e-01,0.000000000000000000000e+00
0.100000000000000102696,basic,54,1.325491905212402343750,0.229667621447239456156,0.229667621447239456156,1.095824283765162832083e+00,0.000000000000000000000e+00
0.100000000000000102696,basic,55,0.031181216239929199219,0.760428836765260296460,0.760428836765260296460,7.292476205253310972410e-01,0.000000000000000000000e+00
0.100000000000000102696,basic,56,0.121808059513568878174,1.306959299708540633844,1.306959299708540633844,1.185151240194971755670e+00,0.000000000000000000000e+00
0.100000000000000102696,basic,57,0.442720621824264526367,0.103409365550245713194,0.103409365550245713194,3.393112562740188131727e-01,0.000000000000000000000e+00
0.100000000000000102696,basic,58,1.182877779006958007812,0.381556971550469803400,0.381556971550469803400,8.013208074564881489010e-01,0.000000000000000000000e+00
0.100000000000000102696,basic,59,0.533911585807800292969,1.089470718585580977233,1.089470718585580977233,5.555591327777806842647e-01,0.000000000000000000000e+00
0.100000000000000102696,basic,60,1.280461549758911132812,0.797043534376177364997,0.797043534376177364997,4.834180153827337678152e-01,0.000000000000000000000e+00
0.100000000000000102696,basic,61,0.203100800514221191406,1.282338950432103441557,1.282338950432103441557,1.079238149917882250151e+00,0.000000000000000000000e+00
0.100000000000000102696,basic,62,0.688653409481048583984,0.196176250342487756839,0.196176250342487756839,4.924771591385608271452e-01,0.000000000000000000000e+00
0.100000000000000102696,basic,63,1.331883072853088378906,0.669249637774635752763,0.669249637774635752763,6.626334350784526261435e-01,0.000000000000000000000e+00
0.100000000000000102696,basic,64,0.005794644355773925781,1.333313318114099477185,1.333313318114099477185,1.327518673758325551404e+00,0.000000000000000000000e+00
0.100000000000000102696,basic,65,0.023077843710780143738,0.000080059675108490325,0.000080059675108490325,2.299778403567165341315e-02,0.000000000000000000000e+00
0.100000000000000102696,basic,66,0.090713612735271453857,0.000320219471779225879,0.000320219471779225879,9.039339326349223047163e-02,0.000000000000000000000e+00
0.100000000000000102696,basic,67,0.338167577981948852539,0.001280570265586583947,0.001280570265586583947,3.368870077163622633876e-01,0.000000000000000000000e+00
0.100000000000000102696,basic,68,1.009598374366760253906,0.005117361481731022219,0.005117361481731022219,1.004481012885029223014e+00,0.000000000000000000000e+00
0.100000000000000102696,basic,69,0.980526864528656005859,0.020390883761319977818,0.020390883761319977818,9.601359807673359725300e-01,0.000000000000000000000e+00
0.100000000000000102696,basic,70,1.037808656692504882812,0.080316170623576918497,0.080316170623576918497,9.574924860689280059489e-01,0.000000000000000000000e+00
0.100000000000000102696,basic,71,0.920094192028045654297,0.301912620703401135547,0.301912620703401135547,6.181815713246445742612e-01,0.000000000000000000000e+00
0.100000000000000102696,basic,72,1.140656828880310058594,0.934196791193617315230,0.934196791193617315230,2.064600376866927433639e-01,0.000000000000000000000e+00
0.100000000000000102696,basic,73,0.659333348274230957031,1.118616230745116180145,1.118616230745116180145,4.592828824708852231140e-01,0.000000000000000000000e+00
0.100000000000000102696,basic,74,1.333172082901000976562,0.720558107921231760784,0.720558107921231760784,6.126139749797692157784e-01,0.000000000000000000000e+00
0.100000000000000102696,basic,75,0.000644922256469726562,1.324620471011850764143,1.324620471011850764143,1.323975548755381037580e+00,0.000000000000000000000e+00
0.100000000000000102696,basic,76,0.002578441286459565163,0.034623707376430834515,0.034623707376430834515,3.204526608997126935208e-02,0.000000000000000000000e+00
0.100000000000000102696,basic,77,0.010293819941580295563,0.134898426168257201674,0.134898426168257201674,1.246046062266769061111e-01,0.000000000000000000000e+00
0.100000000000000102696,basic,78,0.040857393294572830200,0.485000948525010577850,0.485000948525010577850,4.441435552304377476496e-01,0.000000000000000000000e+00
0.100000000000000102696,basic,79,0.158421605825424194336,1.234326033889562301837,1.234326033889562301837,1.075904428064138107501e+00,0.000000000000000000000e+00
0.100000000000000102696,basic,80,0.558394193649291992188,0.366621861745638599750,0.366621861745638599750,1.917723319036533924375e-01,0.000000000000000000000e+00
0.100000000000000102696,basic,81,1.298164606094360351562,1.063252678453039834494,1.063252678453039834494,2.349119276413205170684e-01,0.000000000000000000000e+00
0.100000000000000102696,basic,82,0.136964440345764160156,0.861491939099469417052,0.861491939099469417052,7.245274987537052568953e-01,0.000000000000000000000e+00
0.100000000000000102696,basic,83,0.491579979658126831055,1.219462672997785990248,1.219462672997785990248,7.278826933396591591929e-01,0.000000000000000000000e+00
0.100000000000000102696,basic,84,1.241367220878601074219,0.416583059486428597396,0.416583059486428597396,8.247841613921724768232e-01,0.000000000000000000000e+00
0.100000000000000102696,basic,85,0.342491209506988525391,1.145707901592494470933,1.145707901592494470933,8.032166920855059455420e-01,0.000000000000000000000e+00
0.100000000000000102696,basic,86,1.018064260482788085938,0.644891819055546933193,0.644891819055546933193,3.731724414272411527449e-01,0.000000000000000000000e+00
0.100000000000000102696,basic,87,0.962892532348632812500,1.331910901367870936340,1.331910901367870936340,3.690183690192381238404e-01,0.000000000000000000000e+00
0.100000000000000102696,basic,88,1.070084095001220703125,0.005683657923760465636,0.005683657923760465636,1.064400437077460237489e+00,0.000000000000000000000e+00
0.100000000000000102696,basic,89,0.845096468925476074219,0.022637719792858886775,0.022637719792858886775,8.224587491326171839745e-01,0.000000000000000000000e+00
0.100000000000000102696,basic,90,1.237821698188781738281,0.089013480099175562588,0.089013480099175562588,1.148808218089606203449e+00,0.000000000000000000000e+00
0.100000000000000102696,basic,91,0.354679107666015625000,0.332283721478603299992,0.332283721478603299992,2.239538618741232500753e-02,0.000000000000000000000e+00
0.100000000000000102696,basic,92,1.041324615478515625000,0.997897471235403177303,0.997897471235403177303,4.342714424311244769683e-02,0.000000000000000000000e+00
0.100000000000000102696,basic,93,0.912227630615234375000,1.004191795647575879968,1.004191795647575879968,9.196416503234150496837e-02,0.000000000000000000000e+00
0.100000000000000102696,basic,94,1.152432799339294433594,0.991563695252595134200,0.991563695252595134200,1.608691040866992993941e-01,0.000000000000000000000e+00
0.100000000000000102696,basic,95,0.625427126884460449219,1.016659095781436539241,1.016659095781436539241,3.912319688969760900221e-01,0.000000000000000000000e+00
0.100000000000000102696,basic,96,1.328231215476989746094,0.965849232020361658790,0.965849232020361658790,3.623819834566280873034e-01,0.000000000000000000000e+00
0.100000000000000102696,basic,97,0.020330429077148437500,1.064802711098479459650,1.064802711098479459650,1.044472282021331022150e+00,0.000000000000000000000e+00
0.100000000000000102696,basic,98,0.080081738531589508057,0.857796403705902044123,0.857796403705902044123,7.777146651743125360667e-01,0.000000000000000000000e+00
0.100000000000000102696,basic,99,0.301087707281112670898,1.223741604191271648006,1.223741604191271648006,9.226538969101589771071e-01,0.000000000000000000000e+00
0.100000000000000102696,alt,0,0.100000001490116119385,0.100000000000000102696,0.100000000000000102696,1.490116016689135847173e-09,0.000000000000000000000e+00
0.100000000000000102696,alt,1,0.370000004768371582031,0.370000000000000328626,0.370000000000000328626,4.768371253405234710954e-09,0.000000000000000000000e+00
0.100000000000000102696,alt,2,1.069299936294555664062,1.069300000000000583356,1.069300000000000583356,6.370544491929308605904e-08,0.000000000000000000000e+00
0.100000000000000102696,alt,3,0.846992731094360351562,0.846992529999998744472,0.846992529999998744472,2.010943616070903772197e-07,0.000000000000000000000e+00
0.100000000000000102696,alt,4,1.235780954360961914062,1.235781082372598760344,1.235781082372598760344,1.280116368462813625229e-07,0.000000000000000000000e+00
0.100000000000000102696,alt,5,0.361660003662109375000,0.361659678840419829271,0.361659678840419829271,3.248216895457289865590e-07,0.000000000000000000000e+00
0.100000000000000102696,alt,6,1.054246187210083007812,1.054245545464812527925,1.054245545464812527925,6.417452704798876084169e-07,0.000000000000000000000e+00
0.100000000000000102696,alt,7,0.882679700851440429688,0.882681171462050162546,0.882681171462050162546,1.470610609732858620191e-06,0.000000000000000000000e+00
0.100000000000000102696,alt,8,1.193348407745361328125,1.193346534487349064335,1.193346534487349064335,1.873258012263789851204e-06,0.000000000000000000000e+00
0.100000000000000102696,alt,9,0.501152515411376953125,0.501158283830498874067,0.501158283830498874067,5.768419121920942416182e-06,0.000000000000000000000e+00
0.100000000000000102696,alt,10,1.251148462295532226562,1.251154258966202803549,1.251154258966202803549,5.796670670576986594824e-06,0.000000000000000000000e+00
0.100000000000000102696,alt,11,0.308476448059082031250,0.308456096677007352014,0.308456096677007352014,2.035138207467923621152e-05,0.000000000000000000000e+00
0.100000000000000102696,alt,12,0.948432624340057373047,0.948388895976383539121,0.948388895976383539121,4.372836367383392541797e-05,0.000000000000000000000e+00
0.100000000000000102696,alt,13,1.095157146453857421875,1.095231089871623098020,1.095231089871623098020,7.394341776567614488158e-05,0.000000000000000000000e+00
0.100000000000000102696,alt,14,0.782521009445190429688,0.782330938822342503158,0.782330938822342503158,1.900706228479265291753e-04,0.000000000000000000000e+00
0.100000000000000102696,alt,15,1.293066620826721191406,1.293198661773426572097,1.293198661773426572097,1.320409467053806906733e-04,0.000000000000000000000e+00
0.100000000000000102696,alt,16,0.156202316284179687500,0.155706310655962631984,0.155706310655962631984,4.960056282170555164157e-04,0.000000000000000000000e+00
0.100000000000000102696,alt,17,0.551611781120300292969,0.550091877089577074855,0.550091877089577074855,1.519904030723218113508e-03,0.000000000000000000000e+00
0.100000000000000102696,alt,18,1.293620467185974121094,1.292564288638505143325,1.292564288638505143325,1.056178547468977768631e-03,0.000000000000000000000e+00
0.100000000000000102696,alt,19,0.154120445251464843750,0.158089833763326303995,0.158089833763326303995,3.969388511861460244745e-03,0.000000000000000000000e+00
0.100000000000000102696,alt,20,0.545222461223602294922,0.557382148435356827854,0.557382148435356827854,1.215968721175453293171e-02,0.000000000000000000000e+00
0.100000000000000102696,alt,21,1.289087295532226562500,1.297504015558184953250,1.297504015558184953250,8.416720025958390749565e-03,0.000000000000000000000e+00
0.100000000000000102696,alt,22,0.171111106872558593750,0.139466051063895868367,0.139466051063895868367,3.164505580866272538287e-02,0.000000000000000000000e+00
0.100000000000000102696,alt,23,0.596607387065887451172,0.499511866057511855210,0.499511866057511855210,9.709552100837559596158e-02,0.000000000000000000000e+00
0.100000000000000102696,alt,24,1.318608403205871582031,1.249511151233274386385,1.249511151233274386385,6.909725197259719564613e-02,0.000000000000000000000e+00
0.100000000000000102696,alt,25,0.058248996734619140625,0.314210253764189317849,0.314210253764189317849,2.559612570295701772238e-01,0.000000000000000000000e+00
0.100000000000000102696,alt,26,0.222817152738571166992,0.960656764345088509671,0.960656764345088509671,7.378396116065173426790e-01,0.000000000000000000000e+00
0.100000000000000102696,alt,27,0.742326140403747558594,1.074042800734429370380,1.074042800734429370380,3.317166603306818117858e-01,0.000000000000000000000e+00
0.100000000000000102696,alt,28,1.316160321235656738281,0.835467389509346070042,0.835467389509346070042,4.806929317263106682390e-01,0.000000000000000000000e+00
0.100000000000000102696,alt,29,0.067807197570800781250,1.247852281236700111577,1.247852281236700111577,1.180045083665899330327e+00,0.000000000000000000000e+00
0.100000000000000102696,alt,30,0.257435351610183715820,0.320003177583890519031,0.320003177583890519031,6.256782597370680321092e-02,0.000000000000000000000e+00
0.100000000000000102696,alt,31,0.830922484397888183594,0.972806609344201156375,0.972806609344201156375,1.418841249463129727815e-01,0.000000000000000000000e+00
0.100000000000000102696,alt,32,1.252393484115600585938,1.052168339825521048425,1.052168339825521048425,2.002251442900795375124e-01,0.000000000000000000000e+00
0.100000000000000102696,alt,33,0.304105758666992187500,0.887498713308504605379,0.887498713308504605379,5.833929546415124178793e-01,0.000000000000000000000e+00
0.100000000000000102696,alt,34,0.938982129096984863281,1.187032954861264588686,1.187032954861264588686,2.480508257642797254050e-01,0.000000000000000000000e+00
0.100000000000000102696,alt,35,1.110866069793701171875,0.520990111665063260205,0.520990111665063260205,5.898759581286379116705e-01,0.000000000000000000000e+00
0.100000000000000102696,alt,36,0.741394042968750000000,1.269668357301927841263,1.269668357301927841263,5.282743143331778412630e-01,0.000000000000000000000e+00
0.100000000000000102696,alt,37,1.316580772399902343750,0.242500216606384100260,0.242500216606384100260,1.074080555793518243490e+00,0.000000000000000000000e+00
0.100000000000000102696,alt,38,0.066168308258056640625,0.793581801263106845212,0.793581801263106845212,7.274134930050502045873e-01,0.000000000000000000000e+00
0.100000000000000102696,alt,39,0.251538485288619995117,1.285010979164435962474,1.285010979164435962474,1.033472493875815967357e+00,0.000000000000000000000e+00
0.100000000000000102696,alt,40,0.816339135169982910156,0.186284266938316456219,0.186284266938316456219,6.300548682316664539371e-01,0.000000000000000000000e+00
0.100000000000000102696,alt,41,1.266127705574035644531,0.641031583427028039956,0.641031583427028039956,6.250961221470076045748e-01,0.000000000000000000000e+00
0.100000000000000102696,alt,42,0.255272388458251953125,1.331361860855223566702,1.331361860855223566702,1.076089472396971613577e+00,0.000000000000000000000e+00
0.100000000000000102696,alt,43,0.825597584247589111328,0.007874229801243970428,0.007874229801243970428,8.177233544463451409001e-01,0.000000000000000000000e+00
0.100000000000000102696,alt,44,1.257556200027465820312,0.031310908720087488044,0.031310908720087488044,1.226245291307378249002e+00,0.000000000000000000000e+00
0.100000000000000102696,alt,45,0.285881996154785156250,0.122302515865716998622,0.122302515865716998622,1.635794802890681576280e-01,0.000000000000000000000e+00
0.100000000000000102696,alt,46,0.898342430591583251953,0.444336347301616141348,0.444336347301616141348,4.540060832899671106055e-01,0.000000000000000000000e+00
0.100000000000000102696,alt,47,1.172312259674072265625,1.185041020606437234264,1.185041020606437234264,1.272876093236496863881e-02,0.000000000000000000000e+00
0.100000000000000102696,alt,48,0.566300868988037109375,0.527197420865910260090,0.527197420865910260090,3.910344812212684928454e-02,0.000000000000000000000e+00
0.100000000000000102696,alt,49,1.303113460540771484375,1.274978321760637856030,1.274978321760637856030,2.813513878013362834452e-02,0.000000000000000000000e+00
0.100000000000000102696,alt,50,0.118139743804931640625,0.223204124163832950956,0.223204124163832950956,1.050643803589013103306e-01,0.000000000000000000000e+00
0.100000000000000102696,alt,51,0.430687963962554931641,0.743356253524100507590,0.743356253524100507590,3.126682895615455759497e-01,0.000000000000000000000e+00
0.100000000000000102696,alt,52,1.166275501251220703125,1.315689455136241914346,1.315689455136241914346,1.494139538850212112209e-01,0.000000000000000000000e+00
0.100000000000000102696,alt,53,0.584506511688232421875,0.069641593474864649238,0.069641593474864649238,5.148649182133677726370e-01,0.000000000000000000000e+00
0.100000000000000102696,alt,54,1.313082456588745117188,0.264016519274303640419,0.264016519274303640419,1.049065937314441532280e+00,0.000000000000000000000e+00
0.100000000000000102696,alt,55,0.079773426055908203125,0.846951909748058340277,0.846951909748058340277,7.671784836921501371521e-01,0.000000000000000000000e+00
0.100000000000000102696,alt,56,0.300002306699752807617,1.235825026714584051746,1.235825026714584051746,9.358227200148312441286e-01,0.000000000000000000000e+00
0.100000000000000102696,alt,57,0.930005073547363281250,0.361509616896029228883,0.361509616896029228883,5.684954566513340523670e-01,0.000000000000000000000e+00
0.100000000000000102696,alt,58,1.125292062759399414062,1.053970858259175358285,1.053970858259175358285,7.132120450022405577784e-02,0.000000000000000000000e+00
0.100000000000000102696,alt,59,0.702321529388427734375,0.883319722857953237849,0.883319722857953237849,1.809981934695255034740e-01,0.000000000000000000000e+00
0.100000000000000102696,alt,60,1.329519510269165039062,1.192517693062259187542,1.192517693062259187542,1.370018172069058515206e-01,0.000000000000000000000e+00
0.100000000000000102696,alt,61,0.015211582183837890625,0.503775427449438595318,0.503775427449438595318,4.885638452656007046926e-01,0.000000000000000000000e+00
0.100000000000000102696,alt,62,0.060152150690555572510,1.253732665892160813570,1.253732665892160813570,1.193580515201605241060e+00,0.000000000000000000000e+00
0.100000000000000102696,alt,63,0.229753762483596801758,0.299393870993450050833,0.299393870993450050833,6.964010850985324907469e-02,0.000000000000000000000e+00
0.100000000000000102696,alt,64,0.760654687881469726562,0.928665414008472356322,0.928665414008472356322,1.680107261270026297595e-01,0.000000000000000000000e+00
0.100000000000000102696,alt,65,1.306832075119018554688,1.127403302507307358837,1.127403302507307358837,1.794287726117111958501e-01,0.000000000000000000000e+00
0.100000000000000102696,alt,66,0.103898048400878906250,0.696498590516079651991,0.696498590516079651991,5.926005421152007457408e-01,0.000000000000000000000e+00
0.100000000000000102696,alt,67,0.383207768201828002930,1.330663502291661748345,1.330663502291661748345,9.474557340898337454149e-01,0.000000000000000000000e+00
0.100000000000000102696,alt,68,1.092286467552185058594,0.010657940173313562582,0.010657940173313562582,1.081628527378871496012e+00,0.000000000000000000000e+00
0.100000000000000102696,alt,69,0.789876937866210937500,0.042290985627040457440,0.042290985627040457440,7.475859522391704592437e-01,0.000000000000000000000e+00
0.100000000000000102696,alt,70,1.287791013717651367188,0.163798360112242191722,0.163798360112242191722,1.123992653605409230977e+00,0.000000000000000000000e+00
0.100000000000000102696,alt,71,0.175947189331054687500,0.574703732122589405762,0.574703732122589405762,3.987565427915347182619e-01,0.000000000000000000000e+00
0.100000000000000102696,alt,72,0.610916495323181152344,1.307961789343458747226,1.307961789343458747226,6.970452940202775948819e-01,0.000000000000000000000e+00
0.100000000000000102696,alt,73,1.324009060859680175781,0.099555030226207819055,0.099555030226207819055,1.224454030633472356726e+00,0.000000000000000000000e+00
0.100000000000000102696,alt,74,0.037035942077636718750,0.368486508774807819400,0.368486508774807819400,3.314505666971711006497e-01,0.000000000000000000000e+00
0.100000000000000102696,alt,75,0.144028782844543457031,1.066599113652091812554,1.066599113652091812554,9.225703308075483555228e-01,0.000000000000000000000e+00
0.100000000000000102696,alt,76,0.513882279396057128906,0.853495446878083541264,0.853495446878083541264,3.396131674820264123582e-01,0.000000000000000000000e+00
0.100000000000000102696,alt,77,1.263304114341735839844,1.228618353987475764200,1.228618353987475764200,3.468576035426007564411e-02,0.000000000000000000000e+00
0.100000000000000102696,alt,78,0.265404701232910156250,0.385964236685220285494,0.385964236685220285494,1.205595354523101292443e-01,0.000000000000000000000e+00
0.100000000000000102696,alt,79,0.850299835205078125000,1.096951770740866916043,1.096951770740866916043,2.466519355357887910429e-01,0.000000000000000000000e+00
0.100000000000000102696,alt,80,1.232169866561889648438,0.777897520968897193683,0.777897520968897193683,4.542723455929924547547e-01,0.000000000000000000000e+00
0.100000000000000102696,alt,81,0.373951911926269531250,1.296216424486921203751,1.296216424486921203751,9.222645125606516725014e-01,0.000000000000000000000e+00
0.100000000000000102696,alt,82,1.076287508010864257812,0.144334640618709819648,0.144334640618709819648,9.319528673921544381642e-01,0.000000000000000000000e+00
0.100000000000000102696,alt,83,0.829965591430664062500,0.514841097027242899919,0.514841097027242899919,3.151244944034211625805e-01,0.000000000000000000000e+00
0.100000000000000102696,alt,84,1.253333806991577148438,1.264180322544326884326,1.264180322544326884326,1.084651555274973588894e-02,0.000000000000000000000e+00
0.100000000000000102696,alt,85,0.300798416137695312500,0.262265626452472311314,0.262265626452472311314,3.853278968522300118593e-02,0.000000000000000000000e+00
0.100000000000000102696,alt,86,0.931754589080810546875,0.842712729354366030243,0.842712729354366030243,8.904185972644451663172e-02,0.000000000000000000000e+00
0.100000000000000102696,alt,87,1.122518539428710937500,1.240356684769809092472,1.240356684769809092472,1.178381453410981549723e-01,0.000000000000000000000e+00
0.100000000000000102696,alt,88,0.709930658340454101562,0.345972622719781242040,0.345972622719781242040,3.639580356206728595225e-01,0.000000000000000000000e+00
0.100000000000000102696,alt,89,1.327718019485473632812,1.024799323864312716736,1.024799323864312716736,3.029186956211609160761e-01,0.000000000000000000000e+00
0.100000000000000102696,alt,90,0.022366523742675781250,0.948556332878993657687,0.948556332878993657687,9.261898091363178764368e-01,0.000000000000000000000e+00
0.100000000000000102696,alt,91,0.087965309619903564453,1.094947981581441798227,1.094947981581441798227,1.006982671961538233774e+00,0.000000000000000000000e+00
0.100000000000000102696,alt,92,0.328647553920745849609,0.783058679217946806972,0.783058679217946806972,4.544111252972009573625e-01,0.000000000000000000000e+00
0.100000000000000102696,alt,93,0.990562558174133300781,1.292692031576121225456,1.292692031576121225456,3.021294734019879246745e-01,0.000000000000000000000e+00
0.100000000000000102696,alt,94,1.018607616424560546875,0.157610060803285989550,0.157610060803285989550,8.609975556212745573248e-01,0.000000000000000000000e+00
0.100000000000000102696,alt,95,0.961745977401733398438,0.555917449413897424293,0.555917449413897424293,4.058285279878359741446e-01,0.000000000000000000000e+00
0.100000000000000102696,alt,96,1.072118043899536132812,1.296537165967030169611,1.296537165967030169611,2.244191220674940367985e-01,0.000000000000000000000e+00
0.100000000000000102696,alt,97,0.840160846710205078125,0.143122795666665858505,0.143122795666665858505,6.970380510435392196200e-01,0.000000000000000000000e+00
0.100000000000000102696,alt,98,1.243032693862915039062,0.511038778748336919300,0.511038778748336919300,7.319939151145781197627e-01,0.000000000000000000000e+00
0.100000000000000102696,alt,99,0.336740016937255859375,1.260673214839572731094,1.260673214839572731094,9.239331979023168717191e-01,0.000000000000000000000e+00
